{
"status": "ok",
"totalResults": 70,
-"articles": [
-{
-"source": {
"id": null,
"name": "Investor's Business Daily"
},
"author": "Investor's Business Daily",
"title": "Dow Jones Futures: Market Rally Finished? Indexes Break Support As Fed Fears Intensify | Investor's Business Daily - Investor's Business Daily",
"description": "Recent breakouts fizzle as Fed rate-hike fears intensify.",
"url": "https://www.investors.com/market-trend/stock-market-today/dow-jones-futures-market-rally-breaks-lower-as-jobs-report-intensifies-fed-rate-hike-fears/",
"urlToImage": "https://www.investors.com/wp-content/uploads/2022/01/Stock-beardestroying-01-adobe.jpg",
"publishedAt": "2022-08-31T00:24:00Z",
"content": "Dow Jones futures rose modestly overnight, along with S&amp;P 500 futures and Nasdaq futures. The stock market rally came under further pressure Tuesday, with the major indexes all falling below thei… [+9617 chars]"
}
