{"v":"4.8.0","meta":{"g":"LottieFiles AE 1.0.0","a":"Agung Setya Nugraha","k":"","d":"setya.play@gmail.com","tc":""},"fr":30,"ip":0,"op":361,"w":400,"h":400,"nm":"Comp 2","ddd":0,"assets":[{"id":"comp_0","layers":[{"ddd":0,"ind":1,"ty":4,"nm":"hair2","parent":7,"sr":1,"ks":{"o":{"a":0,"k":100,"ix":11},"r":{"a":1,"k":[{"i":{"x":[0.7],"y":[1]},"o":{"x":[0.3],"y":[0]},"t":0,"s":[0]},{"i":{"x":[0.7],"y":[1]},"o":{"x":[0.3],"y":[0]},"t":10,"s":[-8.9]},{"i":{"x":[0.7],"y":[1]},"o":{"x":[0.3],"y":[0]},"t":25,"s":[1.6]},{"i":{"x":[0.833],"y":[0.943]},"o":{"x":[0.3],"y":[0]},"t":35,"s":[-5.5]},{"i":{"x":[0.7],"y":[1]},"o":{"x":[0.167],"y":[-0.183]},"t":45,"s":[2.5]},{"i":{"x":[0.51],"y":[1]},"o":{"x":[0.167],"y":[0]},"t":55,"s":[0]},{"i":{"x":[0.833],"y":[1.048]},"o":{"x":[0.49],"y":[0]},"t":75,"s":[0]},{"i":{"x":[0.833],"y":[0.95]},"o":{"x":[0.167],"y":[0.033]},"t":85.606,"s":[-5]},{"i":{"x":[0.48],"y":[1]},"o":{"x":[0.167],"y":[-0.145]},"t":97.272,"s":[3]},{"i":{"x":[0.51],"y":[1]},"o":{"x":[0.167],"y":[0]},"t":110,"s":[0]},{"i":{"x":[0.833],"y":[1.048]},"o":{"x":[0.49],"y":[0]},"t":130,"s":[0]},{"i":{"x":[0.833],"y":[0.95]},"o":{"x":[0.167],"y":[0.033]},"t":140.606,"s":[-5]},{"i":{"x":[0.48],"y":[1]},"o":{"x":[0.167],"y":[-0.145]},"t":152.272,"s":[3]},{"i":{"x":[0.51],"y":[1]},"o":{"x":[0.167],"y":[0]},"t":165,"s":[0]},{"i":{"x":[0.833],"y":[1.048]},"o":{"x":[0.49],"y":[0]},"t":190,"s":[0]},{"i":{"x":[0.833],"y":[0.95]},"o":{"x":[0.167],"y":[0.033]},"t":200.606,"s":[-5]},{"i":{"x":[0.48],"y":[1]},"o":{"x":[0.167],"y":[-0.145]},"t":212.272,"s":[3]},{"i":{"x":[0.51],"y":[1]},"o":{"x":[0.167],"y":[0]},"t":225,"s":[0]},{"i":{"x":[0.833],"y":[1.035]},"o":{"x":[0.49],"y":[0]},"t":235,"s":[0]},{"i":{"x":[0.833],"y":[0.945]},"o":{"x":[0.167],"y":[0.027]},"t":245.606,"s":[-6.815]},{"i":{"x":[0.48],"y":[1]},"o":{"x":[0.167],"y":[-0.198]},"t":257.272,"s":[3]},{"i":{"x":[0.51],"y":[1]},"o":{"x":[0.167],"y":[0]},"t":270,"s":[0]},{"i":{"x":[0.833],"y":[1.035]},"o":{"x":[0.49],"y":[0]},"t":290,"s":[0]},{"i":{"x":[0.833],"y":[0.945]},"o":{"x":[0.167],"y":[0.027]},"t":300.606,"s":[-6.815]},{"i":{"x":[0.48],"y":[1]},"o":{"x":[0.167],"y":[-0.198]},"t":312.272,"s":[3]},{"t":325,"s":[0]}],"ix":10},"p":{"a":1,"k":[{"i":{"x":0.7,"y":1},"o":{"x":0.3,"y":0},"t":0,"s":[-32.478,-101.397,0],"to":[0,0,0],"ti":[0,0,0]},{"i":{"x":0.7,"y":1},"o":{"x":0.3,"y":0},"t":10,"s":[-32.478,-93.397,0],"to":[0,0,0],"ti":[0,0,0]},{"i":{"x":0.51,"y":0.51},"o":{"x":0.3,"y":0.3},"t":25,"s":[-32.478,-101.397,0],"to":[0,0,0],"ti":[0,0,0]},{"i":{"x":0.51,"y":1},"o":{"x":0.49,"y":0},"t":75,"s":[-32.478,-101.397,0],"to":[0,0,0],"ti":[0,0,0]},{"i":{"x":0.51,"y":0.51},"o":{"x":0.167,"y":0.167},"t":95,"s":[-22.225,-101.373,0],"to":[0,0,0],"ti":[0,0,0]},{"i":{"x":0.51,"y":1},"o":{"x":0.167,"y":0},"t":130,"s":[-22.225,-101.373,0],"to":[0,0,0],"ti":[0,0,0]},{"i":{"x":0.51,"y":0.51},"o":{"x":0.167,"y":0.167},"t":150,"s":[-39.224,-101.52,0],"to":[0,0,0],"ti":[0,0,0]},{"i":{"x":0.51,"y":1},"o":{"x":0.167,"y":0},"t":190,"s":[-39.224,-101.52,0],"to":[0,0,0],"ti":[0,0,0]},{"i":{"x":0.51,"y":0.51},"o":{"x":0.167,"y":0.167},"t":205,"s":[-32.478,-101.397,0],"to":[0,0,0],"ti":[0,0,0]},{"i":{"x":0.51,"y":1},"o":{"x":0.167,"y":0},"t":290,"s":[-32.478,-101.397,0],"to":[0,0,0],"ti":[0,0,0]},{"i":{"x":0.51,"y":1},"o":{"x":0.167,"y":0},"t":300,"s":[-32.478,-96.497,0],"to":[0,0,0],"ti":[0,0,0]},{"i":{"x":0.7,"y":1},"o":{"x":0.167,"y":0},"t":310,"s":[-32.478,-102.897,0],"to":[0,0,0],"ti":[0,0,0]},{"t":320,"s":[-32.478,-93.397,0]}],"ix":2},"a":{"a":0,"k":[-32.478,-101.397,0],"ix":1},"s":{"a":0,"k":[100,100,100],"ix":6}},"ao":0,"shapes":[{"ty":"gr","it":[{"ind":0,"ty":"sh","ix":1,"ks":{"a":0,"k":{"i":[[3.875,-12.25],[-30.375,7.375],[0,0],[-7.75,3.25],[1.719,1.676]],"o":[[-3.639,11.503],[-4.5,-0.625],[0,0],[-4.375,-0.75],[-15,-14.625]],"v":[[-41,-103],[8.375,-90],[1.625,-93.875],[21,-96.125],[8.25,-101.625]],"c":true},"ix":2},"nm":"Path 1","mn":"ADBE Vector Shape - Group","hd":false},{"ty":"st","c":{"a":0,"k":[0.321568986481,0.318201012705,0.035309002446,1],"ix":3},"o":{"a":0,"k":100,"ix":4},"w":{"a":0,"k":0,"ix":5},"lc":1,"lj":1,"ml":4,"bm":0,"nm":"Stroke 1","mn":"ADBE Vector Graphic - Stroke","hd":false},{"ty":"fl","c":{"a":0,"k":[0.196078431373,0.176470588235,0.270588235294,1],"ix":4},"o":{"a":0,"k":100,"ix":5},"r":1,"bm":0,"nm":"Fill 1","mn":"ADBE Vector Graphic - Fill","hd":false},{"ty":"tr","p":{"a":0,"k":[0,0],"ix":2},"a":{"a":0,"k":[0,0],"ix":1},"s":{"a":0,"k":[100,100],"ix":3},"r":{"a":0,"k":0,"ix":6},"o":{"a":0,"k":100,"ix":7},"sk":{"a":0,"k":0,"ix":4},"sa":{"a":0,"k":0,"ix":5},"nm":"Transform"}],"nm":"Shape 6","np":3,"cix":2,"bm":0,"ix":1,"mn":"ADBE Vector Group","hd":false}],"ip":0,"op":450,"st":0,"bm":0},{"ddd":0,"ind":2,"ty":4,"nm":"hair1","parent":7,"sr":1,"ks":{"o":{"a":0,"k":100,"ix":11},"r":{"a":1,"k":[{"i":{"x":[0.7],"y":[1]},"o":{"x":[0.3],"y":[0]},"t":0,"s":[0]},{"i":{"x":[0.7],"y":[1]},"o":{"x":[0.3],"y":[0]},"t":10,"s":[0]},{"i":{"x":[0.7],"y":[1]},"o":{"x":[0.3],"y":[0]},"t":25,"s":[13.3]},{"i":{"x":[0.7],"y":[1]},"o":{"x":[0.3],"y":[0]},"t":35,"s":[-2.4]},{"i":{"x":[0.7],"y":[1]},"o":{"x":[0.167],"y":[0]},"t":45,"s":[9.4]},{"i":{"x":[0.51],"y":[1]},"o":{"x":[0.167],"y":[0]},"t":55,"s":[0]},{"i":{"x":[0.833],"y":[1.053]},"o":{"x":[0.49],"y":[0]},"t":75,"s":[0]},{"i":{"x":[0.833],"y":[0.952]},"o":{"x":[0.167],"y":[0.035]},"t":85.606,"s":[-3]},{"i":{"x":[0.48],"y":[1]},"o":{"x":[0.167],"y":[-0.13]},"t":97.272,"s":[2]},{"i":{"x":[0.51],"y":[1]},"o":{"x":[0.167],"y":[0]},"t":110,"s":[0]},{"i":{"x":[0.833],"y":[1.053]},"o":{"x":[0.49],"y":[0]},"t":130,"s":[0]},{"i":{"x":[0.833],"y":[0.952]},"o":{"x":[0.167],"y":[0.035]},"t":140.606,"s":[-3]},{"i":{"x":[0.48],"y":[1]},"o":{"x":[0.167],"y":[-0.13]},"t":152.272,"s":[2]},{"i":{"x":[0.51],"y":[1]},"o":{"x":[0.167],"y":[0]},"t":165,"s":[0]},{"i":{"x":[0.833],"y":[1.053]},"o":{"x":[0.49],"y":[0]},"t":190,"s":[0]},{"i":{"x":[0.833],"y":[0.952]},"o":{"x":[0.167],"y":[0.035]},"t":200.606,"s":[-3]},{"i":{"x":[0.48],"y":[1]},"o":{"x":[0.167],"y":[-0.13]},"t":212.272,"s":[2]},{"i":{"x":[0.51],"y":[1]},"o":{"x":[0.167],"y":[0]},"t":225,"s":[0]},{"i":{"x":[0.833],"y":[1.033]},"o":{"x":[0.49],"y":[0]},"t":235,"s":[0]},{"i":{"x":[0.833],"y":[0.944]},"o":{"x":[0.167],"y":[0.026]},"t":245.606,"s":[-4.815]},{"i":{"x":[0.48],"y":[1]},"o":{"x":[0.167],"y":[-0.209]},"t":257.272,"s":[2]},{"i":{"x":[0.51],"y":[1]},"o":{"x":[0.167],"y":[0]},"t":270,"s":[0]},{"i":{"x":[0.833],"y":[1.033]},"o":{"x":[0.49],"y":[0]},"t":290,"s":[0]},{"i":{"x":[0.833],"y":[0.944]},"o":{"x":[0.167],"y":[0.026]},"t":300.606,"s":[-4.815]},{"i":{"x":[0.48],"y":[1]},"o":{"x":[0.167],"y":[-0.209]},"t":312.272,"s":[2]},{"t":325,"s":[0]}],"ix":10},"p":{"a":1,"k":[{"i":{"x":0.7,"y":1},"o":{"x":0.3,"y":0},"t":0,"s":[-25.321,-113.678,0],"to":[0,0,0],"ti":[0,0,0]},{"i":{"x":0.7,"y":1},"o":{"x":0.3,"y":0},"t":10,"s":[-25.321,-105.678,0],"to":[0,0,0],"ti":[0,0,0]},{"i":{"x":0.51,"y":0.51},"o":{"x":0.3,"y":0.3},"t":25,"s":[-25.321,-113.678,0],"to":[0,0,0],"ti":[0,0,0]},{"i":{"x":0.51,"y":1},"o":{"x":0.49,"y":0},"t":75,"s":[-25.321,-113.678,0],"to":[0,0,0],"ti":[0,0,0]},{"i":{"x":0.51,"y":0.51},"o":{"x":0.167,"y":0.167},"t":95,"s":[-15.069,-113.654,0],"to":[0,0,0],"ti":[0,0,0]},{"i":{"x":0.51,"y":1},"o":{"x":0.167,"y":0},"t":130,"s":[-15.069,-113.654,0],"to":[0,0,0],"ti":[0,0,0]},{"i":{"x":0.51,"y":0.51},"o":{"x":0.167,"y":0.167},"t":150,"s":[-32.068,-113.801,0],"to":[0,0,0],"ti":[0,0,0]},{"i":{"x":0.51,"y":1},"o":{"x":0.167,"y":0},"t":190,"s":[-32.068,-113.801,0],"to":[0,0,0],"ti":[0,0,0]},{"i":{"x":0.51,"y":0.51},"o":{"x":0.167,"y":0.167},"t":205,"s":[-25.321,-113.678,0],"to":[0,0,0],"ti":[0,0,0]},{"i":{"x":0.51,"y":1},"o":{"x":0.167,"y":0},"t":290,"s":[-25.321,-113.678,0],"to":[0,0,0],"ti":[0,0,0]},{"i":{"x":0.51,"y":1},"o":{"x":0.167,"y":0},"t":300,"s":[-25.321,-108.778,0],"to":[0,0,0],"ti":[0,0,0]},{"i":{"x":0.7,"y":1},"o":{"x":0.167,"y":0},"t":310,"s":[-25.321,-115.178,0],"to":[0,0,0],"ti":[0,0,0]},{"t":320,"s":[-25.321,-105.678,0]}],"ix":2},"a":{"a":0,"k":[-25.321,-113.678,0],"ix":1},"s":{"a":0,"k":[100,100,100],"ix":6}},"ao":0,"shapes":[{"ty":"gr","it":[{"ind":0,"ty":"sh","ix":1,"ks":{"a":0,"k":{"i":[[-4.375,2.5],[0,0],[1.125,3.125],[-3.375,-18.75],[-14.174,19.062],[-7.375,-1.375],[0,0]],"o":[[-14.875,-2.375],[0,0],[-4.25,7.75],[3.876,21.533],[3.625,-4.875],[-1.438,-10.5],[0,0]],"v":[[20,-138.125],[-12.25,-132],[-12.875,-137.875],[-40.625,-110.375],[8.75,-113],[26.438,-117.25],[13.125,-128.5]],"c":true},"ix":2},"nm":"Path 1","mn":"ADBE Vector Shape - Group","hd":false},{"ty":"st","c":{"a":0,"k":[0.321568986481,0.318201012705,0.035309002446,1],"ix":3},"o":{"a":0,"k":100,"ix":4},"w":{"a":0,"k":0,"ix":5},"lc":1,"lj":1,"ml":4,"bm":0,"nm":"Stroke 1","mn":"ADBE Vector Graphic - Stroke","hd":false},{"ty":"fl","c":{"a":0,"k":[0.196078431373,0.176470588235,0.270588235294,1],"ix":4},"o":{"a":0,"k":100,"ix":5},"r":1,"bm":0,"nm":"Fill 1","mn":"ADBE Vector Graphic - Fill","hd":false},{"ty":"tr","p":{"a":0,"k":[0,0],"ix":2},"a":{"a":0,"k":[0,0],"ix":1},"s":{"a":0,"k":[100,100],"ix":3},"r":{"a":0,"k":0,"ix":6},"o":{"a":0,"k":100,"ix":7},"sk":{"a":0,"k":0,"ix":4},"sa":{"a":0,"k":0,"ix":5},"nm":"Transform"}],"nm":"Shape 5","np":3,"cix":2,"bm":0,"ix":1,"mn":"ADBE Vector Group","hd":false}],"ip":0,"op":450,"st":0,"bm":0},{"ddd":0,"ind":3,"ty":4,"nm":"alis","parent":6,"sr":1,"ks":{"o":{"a":0,"k":100,"ix":11},"r":{"a":0,"k":0,"ix":10},"p":{"a":1,"k":[{"i":{"x":0.49,"y":1},"o":{"x":0.51,"y":0},"t":20,"s":[-6.375,-64.243,0],"to":[0,-0.5,0],"ti":[0,0.5,0]},{"i":{"x":0.49,"y":0.49},"o":{"x":0.167,"y":0.167},"t":30,"s":[-6.375,-67.243,0],"to":[0,0,0],"ti":[0,0,0]},{"i":{"x":0.833,"y":1},"o":{"x":0.167,"y":0},"t":75,"s":[-6.375,-67.243,0],"to":[0,0.5,0],"ti":[0,0,0]},{"i":{"x":0.49,"y":1},"o":{"x":0.51,"y":0},"t":79,"s":[-6.375,-64.243,0],"to":[0,0,0],"ti":[0,0.5,0]},{"i":{"x":0.49,"y":0.49},"o":{"x":0.167,"y":0.167},"t":84,"s":[-6.375,-67.243,0],"to":[0,0,0],"ti":[0,0,0]},{"i":{"x":0.833,"y":1},"o":{"x":0.167,"y":0},"t":140,"s":[-6.375,-67.243,0],"to":[0,0.5,0],"ti":[0,0,0]},{"i":{"x":0.49,"y":1},"o":{"x":0.51,"y":0},"t":144,"s":[-6.375,-64.243,0],"to":[0,0,0],"ti":[0,0.5,0]},{"i":{"x":0.49,"y":0.49},"o":{"x":0.167,"y":0.167},"t":149,"s":[-6.375,-67.243,0],"to":[0,0,0],"ti":[0,0,0]},{"i":{"x":0.833,"y":1},"o":{"x":0.167,"y":0},"t":190,"s":[-6.375,-67.243,0],"to":[0,0.5,0],"ti":[0,0,0]},{"i":{"x":0.49,"y":1},"o":{"x":0.51,"y":0},"t":194,"s":[-6.375,-64.243,0],"to":[0,0,0],"ti":[0,0.5,0]},{"i":{"x":0.49,"y":0.49},"o":{"x":0.167,"y":0.167},"t":199,"s":[-6.375,-67.243,0],"to":[0,0,0],"ti":[0,0,0]},{"i":{"x":0.833,"y":1},"o":{"x":0.167,"y":0},"t":290,"s":[-6.375,-67.243,0],"to":[0,0.5,0],"ti":[0,-0.5,0]},{"i":{"x":0.833,"y":0.833},"o":{"x":0.51,"y":0.51},"t":294,"s":[-6.375,-64.243,0],"to":[0,0,0],"ti":[0,0,0]},{"i":{"x":0.833,"y":1},"o":{"x":0.51,"y":0},"t":300,"s":[-6.375,-64.243,0],"to":[0,-0.5,0],"ti":[0,0.5,0]},{"t":305,"s":[-6.375,-67.243,0]}],"ix":2},"a":{"a":0,"k":[-8.022,-82.493,0],"ix":1},"s":{"a":0,"k":[100,100,100],"ix":6}},"ao":0,"shapes":[{"ty":"gr","it":[{"ind":0,"ty":"sh","ix":1,"ks":{"a":1,"k":[{"i":{"x":0.833,"y":1},"o":{"x":0.167,"y":0},"t":75,"s":[{"i":[[4.451,-0.221],[-0.16,-1.05],[-5.03,0.547],[0.143,2.038]],"o":[[-9.805,0.486],[0.16,1.05],[5.03,-0.547],[-0.146,-2.084]],"v":[[-28.743,-85.746],[-38.122,-81.696],[-25.334,-78.117],[-19.63,-82.27]],"c":true}]},{"i":{"x":0.833,"y":1},"o":{"x":0.167,"y":0},"t":95,"s":[{"i":[[4.451,-0.221],[-0.16,-1.05],[-5.03,0.547],[0.143,2.038]],"o":[[-9.805,0.486],[0.16,1.05],[5.03,-0.547],[-0.146,-2.084]],"v":[[-28.743,-85.746],[-38.122,-81.696],[-25.334,-78.117],[-19.63,-82.27]],"c":true}]},{"i":{"x":0.833,"y":1},"o":{"x":0.167,"y":0},"t":130,"s":[{"i":[[4.451,-0.221],[-0.16,-1.05],[-5.03,0.547],[0.143,2.038]],"o":[[-9.805,0.486],[0.16,1.05],[5.03,-0.547],[-0.146,-2.084]],"v":[[-28.743,-85.746],[-38.122,-81.696],[-25.334,-78.117],[-19.63,-82.27]],"c":true}]},{"i":{"x":0.833,"y":1},"o":{"x":0.167,"y":0},"t":150,"s":[{"i":[[3.349,-0.221],[-0.12,-1.05],[-3.785,0.547],[0.108,2.038]],"o":[[-7.377,0.486],[0.12,1.05],[3.785,-0.547],[-0.11,-2.084]],"v":[[-24.21,-85.746],[-31.266,-81.696],[-21.645,-78.117],[-17.353,-82.27]],"c":true}]},{"i":{"x":0.833,"y":1},"o":{"x":0.167,"y":0},"t":190,"s":[{"i":[[3.349,-0.221],[-0.12,-1.05],[-3.785,0.547],[0.108,2.038]],"o":[[-7.377,0.486],[0.12,1.05],[3.785,-0.547],[-0.11,-2.084]],"v":[[-24.21,-85.746],[-31.266,-81.696],[-21.645,-78.117],[-17.353,-82.27]],"c":true}]},{"i":{"x":0.833,"y":1},"o":{"x":0.167,"y":0},"t":205,"s":[{"i":[[4.451,-0.221],[-0.16,-1.05],[-5.03,0.547],[0.143,2.038]],"o":[[-9.805,0.486],[0.16,1.05],[5.03,-0.547],[-0.146,-2.084]],"v":[[-28.743,-85.746],[-38.122,-81.696],[-25.334,-78.117],[-19.63,-82.27]],"c":true}]},{"i":{"x":0.833,"y":1},"o":{"x":0.167,"y":0},"t":235,"s":[{"i":[[4.451,-0.221],[-0.16,-1.05],[-5.03,0.547],[0.143,2.038]],"o":[[-9.805,0.486],[0.16,1.05],[5.03,-0.547],[-0.146,-2.084]],"v":[[-28.743,-85.746],[-38.122,-81.696],[-25.334,-78.117],[-19.63,-82.27]],"c":true}]},{"i":{"x":0.833,"y":1},"o":{"x":0.167,"y":0},"t":245,"s":[{"i":[[4.125,-1.688],[-0.5,-0.938],[-4.563,2.188],[0.813,1.875]],"o":[[-9.087,3.717],[0.5,0.938],[4.563,-2.188],[-0.831,-1.917]],"v":[[-30.095,-88.178],[-37.595,-81.241],[-24.345,-82.116],[-20.345,-87.928]],"c":true}]},{"i":{"x":0.833,"y":1},"o":{"x":0.167,"y":0},"t":290,"s":[{"i":[[4.125,-1.688],[-0.5,-0.938],[-4.563,2.188],[0.813,1.875]],"o":[[-9.087,3.717],[0.5,0.938],[4.563,-2.188],[-0.831,-1.917]],"v":[[-30.095,-88.178],[-37.595,-81.241],[-24.345,-82.116],[-20.345,-87.928]],"c":true}]},{"i":{"x":0.833,"y":1},"o":{"x":0.167,"y":0},"t":294,"s":[{"i":[[4.451,-0.221],[-0.16,-1.05],[-5.03,0.547],[0.143,2.038]],"o":[[-9.805,0.486],[0.16,1.05],[5.03,-0.547],[-0.146,-2.084]],"v":[[-28.743,-85.746],[-38.122,-81.696],[-25.334,-78.117],[-19.63,-82.27]],"c":true}]},{"i":{"x":0.833,"y":1},"o":{"x":0.167,"y":0},"t":300,"s":[{"i":[[4.451,-0.221],[-0.16,-1.05],[-5.03,0.547],[0.143,2.038]],"o":[[-9.805,0.486],[0.16,1.05],[5.03,-0.547],[-0.146,-2.084]],"v":[[-28.743,-85.746],[-38.122,-81.696],[-25.334,-78.117],[-19.63,-82.27]],"c":true}]},{"t":304,"s":[{"i":[[4.125,-1.688],[-0.5,-0.938],[-4.563,2.188],[0.813,1.875]],"o":[[-9.087,3.717],[0.5,0.938],[4.563,-2.188],[-0.831,-1.917]],"v":[[-30.095,-88.178],[-37.595,-81.241],[-24.345,-82.116],[-20.345,-87.928]],"c":true}]}],"ix":2},"nm":"Path 1","mn":"ADBE Vector Shape - Group","hd":false},{"ind":1,"ty":"sh","ix":2,"ks":{"a":1,"k":[{"i":{"x":0.833,"y":1},"o":{"x":0.167,"y":0},"t":75,"s":[{"i":[[-4.329,-0.133],[0.112,-1.049],[4.904,0.447],[-0.056,2.032]],"o":[[9.536,0.294],[-0.112,1.049],[-4.904,-0.447],[0.057,-2.077]],"v":[[12.839,-85.789],[22.107,-81.938],[9.843,-78.128],[4.137,-82.152]],"c":true}]},{"i":{"x":0.833,"y":1},"o":{"x":0.167,"y":0},"t":95,"s":[{"i":[[-3.244,-0.133],[0.084,-1.049],[3.675,0.447],[-0.042,2.032]],"o":[[7.147,0.294],[-0.084,1.049],[-3.675,-0.447],[0.043,-2.077]],"v":[[9.02,-85.789],[15.966,-81.938],[6.775,-78.128],[2.499,-82.152]],"c":true}]},{"i":{"x":0.833,"y":1},"o":{"x":0.167,"y":0},"t":130,"s":[{"i":[[-3.244,-0.133],[0.084,-1.049],[3.675,0.447],[-0.042,2.032]],"o":[[7.147,0.294],[-0.084,1.049],[-3.675,-0.447],[0.043,-2.077]],"v":[[9.02,-85.789],[15.966,-81.938],[6.775,-78.128],[2.499,-82.152]],"c":true}]},{"i":{"x":0.833,"y":1},"o":{"x":0.167,"y":0},"t":150,"s":[{"i":[[-4.329,-0.133],[0.112,-1.049],[4.904,0.447],[-0.056,2.032]],"o":[[9.536,0.294],[-0.112,1.049],[-4.904,-0.447],[0.057,-2.077]],"v":[[12.839,-85.789],[22.107,-81.938],[9.843,-78.128],[4.137,-82.152]],"c":true}]},{"i":{"x":0.833,"y":1},"o":{"x":0.167,"y":0},"t":190,"s":[{"i":[[-4.329,-0.133],[0.112,-1.049],[4.904,0.447],[-0.056,2.032]],"o":[[9.536,0.294],[-0.112,1.049],[-4.904,-0.447],[0.057,-2.077]],"v":[[12.839,-85.789],[22.107,-81.938],[9.843,-78.128],[4.137,-82.152]],"c":true}]},{"i":{"x":0.833,"y":1},"o":{"x":0.167,"y":0},"t":205,"s":[{"i":[[-4.329,-0.133],[0.112,-1.049],[4.904,0.447],[-0.056,2.032]],"o":[[9.536,0.294],[-0.112,1.049],[-4.904,-0.447],[0.057,-2.077]],"v":[[12.839,-85.789],[22.107,-81.938],[9.843,-78.128],[4.137,-82.152]],"c":true}]},{"i":{"x":0.833,"y":1},"o":{"x":0.167,"y":0},"t":235,"s":[{"i":[[-4.329,-0.133],[0.112,-1.049],[4.904,0.447],[-0.056,2.032]],"o":[[9.536,0.294],[-0.112,1.049],[-4.904,-0.447],[0.057,-2.077]],"v":[[12.839,-85.789],[22.107,-81.938],[9.843,-78.128],[4.137,-82.152]],"c":true}]},{"i":{"x":0.833,"y":1},"o":{"x":0.167,"y":0},"t":245,"s":[{"i":[[-3.989,-1.688],[0.483,-0.938],[4.412,2.188],[-0.786,1.875]],"o":[[8.786,3.717],[-0.483,0.938],[-4.412,-2.188],[0.803,-1.917]],"v":[[13.868,-88.241],[21.12,-81.303],[8.308,-82.178],[4.44,-87.991]],"c":true}]},{"i":{"x":0.833,"y":1},"o":{"x":0.167,"y":0},"t":290,"s":[{"i":[[-3.989,-1.688],[0.483,-0.938],[4.412,2.188],[-0.786,1.875]],"o":[[8.786,3.717],[-0.483,0.938],[-4.412,-2.188],[0.803,-1.917]],"v":[[13.868,-88.241],[21.12,-81.303],[8.308,-82.178],[4.44,-87.991]],"c":true}]},{"i":{"x":0.833,"y":1},"o":{"x":0.167,"y":0},"t":294,"s":[{"i":[[-4.329,-0.133],[0.112,-1.049],[4.904,0.447],[-0.056,2.032]],"o":[[9.536,0.294],[-0.112,1.049],[-4.904,-0.447],[0.057,-2.077]],"v":[[12.839,-85.789],[22.107,-81.938],[9.843,-78.128],[4.137,-82.152]],"c":true}]},{"i":{"x":0.833,"y":1},"o":{"x":0.167,"y":0},"t":300,"s":[{"i":[[-4.329,-0.133],[0.112,-1.049],[4.904,0.447],[-0.056,2.032]],"o":[[9.536,0.294],[-0.112,1.049],[-4.904,-0.447],[0.057,-2.077]],"v":[[12.839,-85.789],[22.107,-81.938],[9.843,-78.128],[4.137,-82.152]],"c":true}]},{"t":304,"s":[{"i":[[-3.989,-1.688],[0.483,-0.938],[4.412,2.188],[-0.786,1.875]],"o":[[8.786,3.717],[-0.483,0.938],[-4.412,-2.188],[0.803,-1.917]],"v":[[13.868,-88.241],[21.12,-81.303],[8.308,-82.178],[4.44,-87.991]],"c":true}]}],"ix":2},"nm":"Path 2","mn":"ADBE Vector Shape - Group","hd":false},{"ty":"st","c":{"a":0,"k":[0.321568986481,0.318201012705,0.035309002446,1],"ix":3},"o":{"a":0,"k":100,"ix":4},"w":{"a":0,"k":0,"ix":5},"lc":1,"lj":1,"ml":4,"bm":0,"nm":"Stroke 1","mn":"ADBE Vector Graphic - Stroke","hd":false},{"ty":"fl","c":{"a":0,"k":[0.196078431373,0.176470588235,0.270588235294,1],"ix":4},"o":{"a":0,"k":100,"ix":5},"r":1,"bm":0,"nm":"Fill 1","mn":"ADBE Vector Graphic - Fill","hd":false},{"ty":"tr","p":{"a":0,"k":[0,0],"ix":2},"a":{"a":0,"k":[0,0],"ix":1},"s":{"a":0,"k":[100,100],"ix":3},"r":{"a":0,"k":0,"ix":6},"o":{"a":0,"k":100,"ix":7},"sk":{"a":0,"k":0,"ix":4},"sa":{"a":0,"k":0,"ix":5},"nm":"Transform"}],"nm":"Shape 1","np":4,"cix":2,"bm":0,"ix":1,"mn":"ADBE Vector Group","hd":false}],"ip":0,"op":450,"st":0,"bm":0},{"ddd":0,"ind":4,"ty":4,"nm":"mata","parent":6,"sr":1,"ks":{"o":{"a":0,"k":100,"ix":11},"r":{"a":0,"k":0,"ix":10},"p":{"a":0,"k":[-6.375,-51.75,0],"ix":2},"a":{"a":0,"k":[-10.675,-67,0],"ix":1},"s":{"a":1,"k":[{"i":{"x":[0.49,0.49,0.49],"y":[1,1,1]},"o":{"x":[0.51,0.51,0.51],"y":[0,0,0]},"t":20,"s":[100,20,100]},{"i":{"x":[0.833,0.833,0.833],"y":[1,1,1]},"o":{"x":[0.167,0.167,0.167],"y":[0,0,0]},"t":30,"s":[100,100,100]},{"i":{"x":[0.833,0.833,0.833],"y":[1,1,1]},"o":{"x":[0.167,0.167,0.167],"y":[0,0,0]},"t":75,"s":[100,100,100]},{"i":{"x":[0.49,0.49,0.49],"y":[1,1,1]},"o":{"x":[0.51,0.51,0.51],"y":[0,0,0]},"t":79,"s":[100,20,100]},{"i":{"x":[0.833,0.833,0.833],"y":[1,1,1]},"o":{"x":[0.167,0.167,0.167],"y":[0,0,0]},"t":84,"s":[100,100,100]},{"i":{"x":[0.833,0.833,0.833],"y":[1,1,1]},"o":{"x":[0.167,0.167,0.167],"y":[0,0,0]},"t":140,"s":[100,100,100]},{"i":{"x":[0.49,0.49,0.49],"y":[1,1,1]},"o":{"x":[0.51,0.51,0.51],"y":[0,0,0]},"t":144,"s":[100,20,100]},{"i":{"x":[0.833,0.833,0.833],"y":[1,1,1]},"o":{"x":[0.167,0.167,0.167],"y":[0,0,0]},"t":149,"s":[100,100,100]},{"i":{"x":[0.833,0.833,0.833],"y":[1,1,1]},"o":{"x":[0.167,0.167,0.167],"y":[0,0,0]},"t":190,"s":[100,100,100]},{"i":{"x":[0.49,0.49,0.49],"y":[1,1,1]},"o":{"x":[0.51,0.51,0.51],"y":[0,0,0]},"t":194,"s":[100,20,100]},{"i":{"x":[0.833,0.833,0.833],"y":[1,1,1]},"o":{"x":[0.167,0.167,0.167],"y":[0,0,0]},"t":199,"s":[100,100,100]},{"i":{"x":[0.833,0.833,0.833],"y":[1,1,1]},"o":{"x":[0.167,0.167,0.167],"y":[0,0,0]},"t":290,"s":[100,100,100]},{"i":{"x":[0.833,0.833,0.833],"y":[1,1,1]},"o":{"x":[0.51,0.51,0.51],"y":[0,0,0]},"t":294,"s":[100,20,100]},{"i":{"x":[0.833,0.833,0.833],"y":[1,1,1]},"o":{"x":[0.51,0.51,0.51],"y":[0,0,0]},"t":300,"s":[100,20,100]},{"t":305,"s":[100,100,100]}],"ix":6}},"ao":0,"shapes":[{"ty":"gr","it":[{"d":1,"ty":"el","s":{"a":1,"k":[{"i":{"x":[0.833,0.833],"y":[1,1]},"o":{"x":[0.51,0.51],"y":[0,0]},"t":75,"s":[11.25,11.25]},{"i":{"x":[0.49,0.49],"y":[1,1]},"o":{"x":[0.167,0.167],"y":[0,0]},"t":130,"s":[11.25,11.25]},{"i":{"x":[0.833,0.833],"y":[1,1]},"o":{"x":[0.167,0.167],"y":[0,0]},"t":150,"s":[9,11.25]},{"i":{"x":[0.49,0.49],"y":[1,1]},"o":{"x":[0.167,0.167],"y":[0,0]},"t":190,"s":[9,11.25]},{"t":205,"s":[11.25,11.25]}],"ix":2},"p":{"a":1,"k":[{"i":{"x":0.49,"y":0.49},"o":{"x":0.51,"y":0.51},"t":75,"s":[0,0],"to":[0,0],"ti":[0,0]},{"i":{"x":0.49,"y":1},"o":{"x":0.51,"y":0},"t":130,"s":[0,0],"to":[0.75,0],"ti":[-0.75,0]},{"i":{"x":0.49,"y":0.49},"o":{"x":0.167,"y":0.167},"t":150,"s":[4.5,0],"to":[0,0],"ti":[0,0]},{"i":{"x":0.49,"y":1},"o":{"x":0.167,"y":0},"t":190,"s":[4.5,0],"to":[-0.75,0],"ti":[0.75,0]},{"t":205,"s":[0,0]}],"ix":3},"nm":"Ellipse Path 1","mn":"ADBE Vector Shape - Ellipse","hd":false},{"d":1,"ty":"el","s":{"a":1,"k":[{"i":{"x":[0.49,0.49],"y":[1,1]},"o":{"x":[0.51,0.51],"y":[0,0]},"t":75,"s":[11.25,11.25]},{"i":{"x":[0.833,0.833],"y":[1,1]},"o":{"x":[0.51,0.51],"y":[0,0]},"t":95,"s":[9,11.25]},{"i":{"x":[0.49,0.49],"y":[1,1]},"o":{"x":[0.167,0.167],"y":[0,0]},"t":130,"s":[9,11.25]},{"i":{"x":[0.833,0.833],"y":[1,1]},"o":{"x":[0.167,0.167],"y":[0,0]},"t":150,"s":[11.25,11.25]},{"i":{"x":[0.49,0.49],"y":[1,1]},"o":{"x":[0.167,0.167],"y":[0,0]},"t":190,"s":[11.25,11.25]},{"t":205,"s":[11.25,11.25]}],"ix":2},"p":{"a":1,"k":[{"i":{"x":0.49,"y":1},"o":{"x":0.51,"y":0},"t":75,"s":[39.6,0],"to":[-0.367,0],"ti":[0.367,0]},{"i":{"x":0.49,"y":0.49},"o":{"x":0.51,"y":0.51},"t":95,"s":[37.4,0],"to":[0,0],"ti":[0,0]},{"i":{"x":0.49,"y":1},"o":{"x":0.51,"y":0},"t":130,"s":[37.4,0],"to":[0.367,0],"ti":[-0.367,0]},{"i":{"x":0.49,"y":0.49},"o":{"x":0.167,"y":0.167},"t":150,"s":[39.6,0],"to":[0,0],"ti":[0,0]},{"i":{"x":0.49,"y":0.49},"o":{"x":0.167,"y":0.167},"t":190,"s":[39.6,0],"to":[0,0],"ti":[0,0]},{"t":205,"s":[39.6,0]}],"ix":3},"nm":"Ellipse Path 2","mn":"ADBE Vector Shape - Ellipse","hd":false},{"ty":"st","c":{"a":0,"k":[0.321568986481,0.318201012705,0.035309002446,1],"ix":3},"o":{"a":0,"k":100,"ix":4},"w":{"a":0,"k":0,"ix":5},"lc":1,"lj":1,"ml":4,"bm":0,"nm":"Stroke 1","mn":"ADBE Vector Graphic - Stroke","hd":false},{"ty":"fl","c":{"a":0,"k":[0.196078431373,0.176470588235,0.270588235294,1],"ix":4},"o":{"a":0,"k":100,"ix":5},"r":1,"bm":0,"nm":"Fill 1","mn":"ADBE Vector Graphic - Fill","hd":false},{"ty":"tr","p":{"a":0,"k":[-31.125,-67],"ix":2},"a":{"a":0,"k":[0,0],"ix":1},"s":{"a":0,"k":[100,100],"ix":3},"r":{"a":0,"k":0,"ix":6},"o":{"a":0,"k":100,"ix":7},"sk":{"a":0,"k":0,"ix":4},"sa":{"a":0,"k":0,"ix":5},"nm":"Transform"}],"nm":"Ellipse 1","np":4,"cix":2,"bm":0,"ix":1,"mn":"ADBE Vector Group","hd":false}],"ip":0,"op":450,"st":0,"bm":0},{"ddd":0,"ind":5,"ty":4,"nm":"mlt","parent":6,"sr":1,"ks":{"o":{"a":0,"k":100,"ix":11},"r":{"a":0,"k":0,"ix":10},"p":{"a":0,"k":[-6.388,-24.935,0],"ix":2},"a":{"a":0,"k":[-6.844,-40.185,0],"ix":1},"s":{"a":0,"k":[100,100,100],"ix":6}},"ao":0,"shapes":[{"ty":"gr","it":[{"ind":0,"ty":"sh","ix":1,"ks":{"a":1,"k":[{"i":{"x":0.38,"y":1},"o":{"x":0.62,"y":0},"t":10,"s":[{"i":[[4.567,-1.305],[0.202,-1.523],[-4.596,1.53],[1.182,0.923]],"o":[[-6.268,1.791],[-0.148,1.115],[4.658,-1.551],[-0.85,-0.664]],"v":[[1.332,-41.302],[-8.026,-39.75],[1.752,-39.926],[10.133,-45.685]],"c":true}]},{"i":{"x":0.38,"y":1},"o":{"x":0.62,"y":0},"t":25,"s":[{"i":[[4.75,0.023],[-0.12,-3.646],[-4.84,0.185],[-0.058,3.084]],"o":[[-6.519,-0.031],[0.116,3.543],[4.906,-0.188],[0.097,-5.198]],"v":[[-6.285,-48.877],[-13.686,-41.947],[-5.603,-34.316],[2.162,-40.921]],"c":true}]},{"i":{"x":0.833,"y":0.833},"o":{"x":0.167,"y":0},"t":35,"s":[{"i":[[4.75,0.023],[-0.236,-1.281],[-4.84,0.185],[0.298,1.47]],"o":[[-6.519,-0.031],[0.204,1.106],[4.906,-0.188],[-0.424,-2.094]],"v":[[-6.87,-44.188],[-15.657,-40.156],[-6.845,-40.156],[1.468,-40.531]],"c":true}]},{"i":{"x":0.833,"y":0.833},"o":{"x":0.167,"y":0.167},"t":45,"s":[{"i":[[4.75,0],[-1.005,-0.83],[-6.644,-0.052],[-0.811,1.038]],"o":[[-5.728,0],[0.995,0.822],[4.91,0.039],[0.689,-0.882]],"v":[[-6.991,-43.499],[-14.532,-40.186],[-6.951,-41.813],[0.65,-40.296]],"c":true}]},{"i":{"x":0.833,"y":0.833},"o":{"x":0.167,"y":0.167},"t":75,"s":[{"i":[[4.75,0],[-1.005,-0.83],[-6.644,-0.052],[-0.811,1.038]],"o":[[-5.728,0],[0.995,0.822],[4.91,0.039],[0.689,-0.882]],"v":[[-6.991,-43.499],[-14.532,-40.186],[-6.951,-41.813],[0.65,-40.296]],"c":true}]},{"i":{"x":0.833,"y":0.833},"o":{"x":0.167,"y":0.167},"t":95,"s":[{"i":[[4.75,0.003],[-0.894,-0.895],[-6.384,-0.018],[-0.651,1.1]],"o":[[-5.842,-0.005],[0.881,0.863],[4.909,0.006],[0.529,-1.057]],"v":[[-9.474,-43.583],[-17.195,-40.167],[-9.462,-40.934],[-2.35,-41.009]],"c":true}]},{"i":{"x":0.833,"y":0.833},"o":{"x":0.167,"y":0.167},"t":130,"s":[{"i":[[4.75,0.003],[-0.894,-0.895],[-6.384,-0.018],[-0.651,1.1]],"o":[[-5.842,-0.005],[0.881,0.863],[4.909,0.006],[0.529,-1.057]],"v":[[-9.474,-43.583],[-17.195,-40.167],[-9.462,-40.934],[-2.35,-41.009]],"c":true}]},{"i":{"x":0.833,"y":0.833},"o":{"x":0.167,"y":0.167},"t":150,"s":[{"i":[[4.75,0],[-1.005,-0.83],[-6.644,-0.052],[-0.801,1.453]],"o":[[-5.728,0],[0.995,0.822],[4.91,0.039],[0.691,-1.253]],"v":[[-4.866,-43.506],[-11.599,-41.196],[-4.826,-41.632],[2.775,-40.303]],"c":true}]},{"i":{"x":0.833,"y":0.833},"o":{"x":0.167,"y":0.167},"t":190,"s":[{"i":[[4.75,0],[-1.005,-0.83],[-6.644,-0.052],[-0.801,1.453]],"o":[[-5.728,0],[0.995,0.822],[4.91,0.039],[0.691,-1.253]],"v":[[-4.866,-43.506],[-11.599,-41.196],[-4.826,-41.632],[2.775,-40.303]],"c":true}]},{"i":{"x":0.833,"y":0.833},"o":{"x":0.167,"y":0.167},"t":206,"s":[{"i":[[4.75,0],[-1.005,-0.83],[-6.644,-0.052],[-0.811,1.038]],"o":[[-5.728,0],[0.995,0.822],[4.91,0.039],[0.689,-0.882]],"v":[[-6.991,-43.499],[-14.532,-40.186],[-6.951,-41.813],[0.65,-40.296]],"c":true}]},{"i":{"x":0.51,"y":1},"o":{"x":0.167,"y":0.167},"t":235,"s":[{"i":[[4.75,0],[-1.005,-0.83],[-6.644,-0.052],[-0.811,1.038]],"o":[[-5.728,0],[0.995,0.822],[4.91,0.039],[0.689,-0.882]],"v":[[-6.991,-43.499],[-14.532,-40.186],[-6.951,-41.813],[0.65,-40.296]],"c":true}]},{"i":{"x":0.38,"y":1},"o":{"x":0.167,"y":0},"t":245,"s":[{"i":[[4.567,-1.305],[0.202,-1.523],[-4.596,1.53],[1.182,0.923]],"o":[[-6.268,1.791],[-0.148,1.115],[4.658,-1.551],[-0.85,-0.664]],"v":[[1.332,-41.302],[-8.026,-39.75],[1.752,-39.926],[10.133,-45.685]],"c":true}]},{"i":{"x":0.38,"y":1},"o":{"x":0.62,"y":0},"t":295,"s":[{"i":[[4.567,-1.305],[0.202,-1.523],[-4.596,1.53],[1.182,0.923]],"o":[[-6.268,1.791],[-0.148,1.115],[4.658,-1.551],[-0.85,-0.664]],"v":[[1.332,-41.302],[-8.026,-39.75],[1.752,-39.926],[10.133,-45.685]],"c":true}]},{"i":{"x":0.38,"y":1},"o":{"x":0.62,"y":0},"t":310,"s":[{"i":[[4.75,0.023],[-0.12,-3.646],[-4.84,0.185],[-0.058,3.084]],"o":[[-6.519,-0.031],[0.116,3.543],[4.906,-0.188],[0.097,-5.198]],"v":[[-6.285,-48.877],[-13.686,-41.947],[-5.603,-34.316],[2.162,-40.921]],"c":true}]},{"t":315,"s":[{"i":[[4.75,0.023],[-0.236,-1.281],[-4.84,0.185],[0.298,1.47]],"o":[[-6.519,-0.031],[0.204,1.106],[4.906,-0.188],[-0.424,-2.094]],"v":[[-6.87,-44.188],[-15.657,-40.156],[-6.845,-40.156],[1.468,-40.531]],"c":true}]}],"ix":2},"nm":"Path 1","mn":"ADBE Vector Shape - Group","hd":false},{"ty":"st","c":{"a":0,"k":[0.321568986481,0.318201012705,0.035309002446,1],"ix":3},"o":{"a":0,"k":100,"ix":4},"w":{"a":0,"k":0,"ix":5},"lc":1,"lj":1,"ml":4,"bm":0,"nm":"Stroke 1","mn":"ADBE Vector Graphic - Stroke","hd":false},{"ty":"fl","c":{"a":0,"k":[0.196078431373,0.176470588235,0.270588235294,1],"ix":4},"o":{"a":0,"k":100,"ix":5},"r":1,"bm":0,"nm":"Fill 1","mn":"ADBE Vector Graphic - Fill","hd":false},{"ty":"tr","p":{"a":0,"k":[0,0],"ix":2},"a":{"a":0,"k":[0,0],"ix":1},"s":{"a":0,"k":[100,100],"ix":3},"r":{"a":0,"k":0,"ix":6},"o":{"a":0,"k":100,"ix":7},"sk":{"a":0,"k":0,"ix":4},"sa":{"a":0,"k":0,"ix":5},"nm":"Transform"}],"nm":"Shape 1","np":3,"cix":2,"bm":0,"ix":1,"mn":"ADBE Vector Group","hd":false}],"ip":0,"op":450,"st":0,"bm":0},{"ddd":0,"ind":6,"ty":4,"nm":"HD","parent":7,"sr":1,"ks":{"o":{"a":0,"k":100,"ix":11},"r":{"a":0,"k":0,"ix":10},"p":{"a":1,"k":[{"i":{"x":0.7,"y":1},"o":{"x":0.3,"y":0},"t":0,"s":[-7.057,-64,0],"to":[0,1.667,0],"ti":[0,1.167,0]},{"i":{"x":0.7,"y":1},"o":{"x":0.3,"y":0},"t":10,"s":[-7.057,-54,0],"to":[0,-1.167,0],"ti":[0,1.25,0]},{"i":{"x":0.7,"y":1},"o":{"x":0.3,"y":0},"t":25,"s":[-7.057,-71,0],"to":[0,-1.25,0],"ti":[0,-1.167,0]},{"i":{"x":0.7,"y":1},"o":{"x":0.3,"y":0},"t":40,"s":[-7.057,-61.5,0],"to":[0,1.167,0],"ti":[0,0.417,0]},{"i":{"x":0.51,"y":0.51},"o":{"x":0.3,"y":0.3},"t":55,"s":[-7.057,-64,0],"to":[0,0,0],"ti":[0,0,0]},{"i":{"x":0.51,"y":1},"o":{"x":0.49,"y":0},"t":75,"s":[-7.057,-64,0],"to":[2.45,0.007,0],"ti":[-2.45,-0.007,0]},{"i":{"x":0.51,"y":0.51},"o":{"x":0.167,"y":0.167},"t":95,"s":[7.643,-63.961,0],"to":[0,0,0],"ti":[0,0,0]},{"i":{"x":0.51,"y":1},"o":{"x":0.167,"y":0},"t":130,"s":[7.643,-63.961,0],"to":[-4.916,-0.035,0],"ti":[4.916,0.035,0]},{"i":{"x":0.51,"y":0.51},"o":{"x":0.167,"y":0.167},"t":150,"s":[-21.856,-64.172,0],"to":[0,0,0],"ti":[0,0,0]},{"i":{"x":0.51,"y":1},"o":{"x":0.167,"y":0},"t":190,"s":[-21.856,-64.172,0],"to":[2.467,0.029,0],"ti":[-2.467,-0.029,0]},{"i":{"x":0.51,"y":0.51},"o":{"x":0.49,"y":0.49},"t":205,"s":[-7.057,-64,0],"to":[0,0,0],"ti":[0,0,0]},{"i":{"x":0.51,"y":1},"o":{"x":0.49,"y":0},"t":235,"s":[-7.057,-64,0],"to":[0,-0.433,0],"ti":[0,0,0]},{"i":{"x":0.51,"y":1},"o":{"x":0.49,"y":0},"t":247.5,"s":[-7.057,-66.6,0],"to":[0,0,0],"ti":[0,-0.433,0]},{"i":{"x":0.51,"y":0.51},"o":{"x":0.167,"y":0.167},"t":260,"s":[-7.057,-64,0],"to":[0,0,0],"ti":[0,0,0]},{"i":{"x":0.51,"y":1},"o":{"x":0.167,"y":0},"t":290,"s":[-7.057,-64,0],"to":[0,0.817,0],"ti":[0,0.417,0]},{"i":{"x":0.51,"y":1},"o":{"x":0.49,"y":0},"t":300,"s":[-7.057,-59.1,0],"to":[0,-0.417,0],"ti":[0,0.017,0]},{"i":{"x":0.51,"y":1},"o":{"x":0.49,"y":0},"t":310,"s":[-7.057,-66.5,0],"to":[0,-0.017,0],"ti":[0,-1.217,0]},{"t":320,"s":[-7.057,-59.2,0]}],"ix":2},"a":{"a":0,"k":[-6.375,-48.75,0],"ix":1},"s":{"a":0,"k":[100,100,100],"ix":6}},"ao":0,"shapes":[{"ty":"gr","it":[{"ty":"rc","d":1,"s":{"a":0,"k":[10,19],"ix":2},"p":{"a":0,"k":[0,0],"ix":3},"r":{"a":0,"k":5.3,"ix":4},"nm":"Rectangle Path 1","mn":"ADBE Vector Shape - Rect","hd":false},{"ty":"st","c":{"a":0,"k":[0.321568986481,0.318201012705,0.035309002446,1],"ix":3},"o":{"a":0,"k":100,"ix":4},"w":{"a":0,"k":0,"ix":5},"lc":1,"lj":1,"ml":4,"bm":0,"nm":"Stroke 1","mn":"ADBE Vector Graphic - Stroke","hd":false},{"ty":"fl","c":{"a":0,"k":[0.8784313725490196,0.5490196078431373,0.396078431372549,1],"ix":4},"o":{"a":0,"k":100,"ix":5},"r":1,"bm":0,"nm":"Fill 1","mn":"ADBE Vector Graphic - Fill","hd":false},{"ty":"tr","p":{"a":0,"k":[-6.375,-48.75],"ix":2},"a":{"a":0,"k":[0,0],"ix":1},"s":{"a":0,"k":[100,100],"ix":3},"r":{"a":0,"k":0,"ix":6},"o":{"a":0,"k":100,"ix":7},"sk":{"a":0,"k":0,"ix":4},"sa":{"a":0,"k":0,"ix":5},"nm":"Transform"}],"nm":"Rectangle 1","np":3,"cix":2,"bm":0,"ix":1,"mn":"ADBE Vector Group","hd":false}],"ip":0,"op":450,"st":0,"bm":0},{"ddd":0,"ind":7,"ty":4,"nm":"head","parent":10,"sr":1,"ks":{"o":{"a":0,"k":100,"ix":11},"r":{"a":1,"k":[{"i":{"x":[0.833],"y":[1]},"o":{"x":[0.55],"y":[0]},"t":0,"s":[3]},{"i":{"x":[0.4],"y":[1]},"o":{"x":[0.167],"y":[0.167]},"t":10,"s":[-5]},{"i":{"x":[0.4],"y":[1]},"o":{"x":[0.167],"y":[0.333]},"t":25,"s":[2]},{"i":{"x":[0.833],"y":[1]},"o":{"x":[0.167],"y":[0]},"t":40,"s":[0.5]},{"i":{"x":[0.44],"y":[1]},"o":{"x":[0.167],"y":[0]},"t":55,"s":[0]},{"i":{"x":[0.833],"y":[1.08]},"o":{"x":[0.167],"y":[0.167]},"t":70,"s":[0]},{"i":{"x":[0.833],"y":[0.906]},"o":{"x":[0.167],"y":[0.043]},"t":82,"s":[2]},{"i":{"x":[0.44],"y":[1]},"o":{"x":[0.167],"y":[-0.29]},"t":95,"s":[-2]},{"i":{"x":[0.5],"y":[1]},"o":{"x":[0.167],"y":[0]},"t":105,"s":[-2]},{"i":{"x":[0.49],"y":[1]},"o":{"x":[0.5],"y":[0]},"t":125,"s":[-2]},{"i":{"x":[0.49],"y":[1]},"o":{"x":[0.167],"y":[0.2]},"t":140,"s":[-1]},{"i":{"x":[0.833],"y":[1]},"o":{"x":[0.167],"y":[0]},"t":155,"s":[2]},{"i":{"x":[0.833],"y":[1]},"o":{"x":[0.167],"y":[0]},"t":165,"s":[2]},{"i":{"x":[0.583],"y":[0.833]},"o":{"x":[0.167],"y":[0]},"t":185,"s":[2]},{"i":{"x":[0.833],"y":[1]},"o":{"x":[0.417],"y":[-0.5]},"t":195,"s":[-1]},{"i":{"x":[0.833],"y":[1]},"o":{"x":[0.167],"y":[0]},"t":205,"s":[0]},{"i":{"x":[0.833],"y":[1]},"o":{"x":[0.167],"y":[0]},"t":215,"s":[0]},{"i":{"x":[0.833],"y":[1]},"o":{"x":[0.167],"y":[0]},"t":235,"s":[0]},{"i":{"x":[0.833],"y":[1]},"o":{"x":[0.167],"y":[0]},"t":247.5,"s":[7]},{"i":{"x":[0.43],"y":[1]},"o":{"x":[0.167],"y":[0]},"t":260,"s":[6]},{"i":{"x":[0.43],"y":[1]},"o":{"x":[0.167],"y":[0.167]},"t":290,"s":[6]},{"i":{"x":[0.43],"y":[1]},"o":{"x":[0.167],"y":[0]},"t":300,"s":[0]},{"i":{"x":[0.43],"y":[1]},"o":{"x":[0.167],"y":[0.052]},"t":310,"s":[6]},{"t":320,"s":[-10]}],"ix":10},"p":{"a":1,"k":[{"i":{"x":0.833,"y":1},"o":{"x":0.55,"y":0},"t":0,"s":[-7.228,30.05,0],"to":[0,0,0],"ti":[0,0,0]},{"i":{"x":0.4,"y":1},"o":{"x":0.167,"y":0.139},"t":10,"s":[-7.228,40.25,0],"to":[0,0,0],"ti":[0,0,0]},{"i":{"x":0.4,"y":1},"o":{"x":0.167,"y":0.103},"t":25,"s":[-7.228,-20.65,0],"to":[0,0,0],"ti":[0,0,0]},{"i":{"x":0.4,"y":1},"o":{"x":0.167,"y":0},"t":40,"s":[-7.228,-16.05,0],"to":[0,0,0],"ti":[0,0,0]},{"i":{"x":0.44,"y":0.44},"o":{"x":0.167,"y":0.167},"t":55,"s":[-7.228,-18.75,0],"to":[0,0,0],"ti":[0,0,0]},{"i":{"x":0.44,"y":1},"o":{"x":0.167,"y":0.396},"t":70,"s":[-7.228,-18.75,0],"to":[0,0,0],"ti":[0,0,0]},{"i":{"x":0.44,"y":1},"o":{"x":0.167,"y":0.295},"t":82,"s":[-7.228,-16.55,0],"to":[0,0,0],"ti":[0,0,0]},{"i":{"x":0.44,"y":1},"o":{"x":0.167,"y":0.726},"t":95,"s":[-7.228,-19.75,0],"to":[0,0,0],"ti":[0,0,0]},{"i":{"x":0.5,"y":0.5},"o":{"x":0.167,"y":0.167},"t":105,"s":[-7.228,-18.75,0],"to":[0,0,0],"ti":[0,0,0]},{"i":{"x":0.49,"y":1},"o":{"x":0.5,"y":0},"t":125,"s":[-7.228,-18.75,0],"to":[0,0,0],"ti":[0,0,0]},{"i":{"x":0.49,"y":1},"o":{"x":0.167,"y":0.129},"t":140,"s":[-7.228,-16.95,0],"to":[0,0,0],"ti":[0,0,0]},{"i":{"x":0.49,"y":1},"o":{"x":0.167,"y":0},"t":155,"s":[-7.228,-19.75,0],"to":[0,0,0],"ti":[0,0,0]},{"i":{"x":0.49,"y":0.49},"o":{"x":0.167,"y":0.167},"t":165,"s":[-7.228,-18.75,0],"to":[0,0,0],"ti":[0,0,0]},{"i":{"x":0.536,"y":1},"o":{"x":0.207,"y":0},"t":185,"s":[-7.228,-18.75,0],"to":[0,0,0],"ti":[0,0,0]},{"i":{"x":0.614,"y":1},"o":{"x":0.282,"y":0},"t":195,"s":[-7.228,-16.85,0],"to":[0,0,0],"ti":[0,0,0]},{"i":{"x":0.614,"y":1},"o":{"x":0.167,"y":0},"t":205,"s":[-7.228,-20.05,0],"to":[0,0,0],"ti":[0,0,0]},{"i":{"x":0.614,"y":0.614},"o":{"x":0.167,"y":0.167},"t":215,"s":[-7.228,-18.75,0],"to":[0,0,0],"ti":[0,0,0]},{"i":{"x":0.614,"y":1},"o":{"x":0.167,"y":0},"t":235,"s":[-7.228,-18.75,0],"to":[0,0,0],"ti":[0,0,0]},{"i":{"x":0.614,"y":1},"o":{"x":0.167,"y":0},"t":247.5,"s":[-7.228,-5.55,0],"to":[0,0,0],"ti":[0,0,0]},{"i":{"x":0.43,"y":0.43},"o":{"x":0.167,"y":0.167},"t":260,"s":[-7.228,-8.35,0],"to":[0,0,0],"ti":[0,0,0]},{"i":{"x":0.43,"y":1},"o":{"x":0.167,"y":0.167},"t":290,"s":[-7.228,-8.35,0],"to":[0,0,0],"ti":[0,0,0]},{"i":{"x":0.43,"y":1},"o":{"x":0.167,"y":0.071},"t":300,"s":[-7.228,-5.65,0],"to":[0,0,0],"ti":[0,0,0]},{"i":{"x":0.43,"y":1},"o":{"x":0.167,"y":0.029},"t":310,"s":[-7.228,-13.65,0],"to":[0,0,0],"ti":[0,0,0]},{"t":320,"s":[-7.228,31.95,0]}],"ix":2},"a":{"a":0,"k":[-7.228,-18.75,0],"ix":1},"s":{"a":0,"k":[100,100,100],"ix":6}},"ao":0,"shapes":[{"ty":"gr","it":[{"ind":0,"ty":"sh","ix":1,"ks":{"a":1,"k":[{"i":{"x":0.5,"y":1},"o":{"x":0.5,"y":0},"t":10,"s":[{"i":[[25,2.375],[-22.375,0.75],[-0.782,-4.8],[-0.563,-3.938],[-1,-1.75],[0,0],[1.156,24.063]],"o":[[-9.152,-0.869],[7.375,-0.438],[0.582,3.569],[0.373,2.61],[1,1.75],[0,0],[-0.198,-4.12]],"v":[[7.156,-123],[17.214,-93.001],[26.684,-85.638],[32.151,-77.626],[32.344,-72.188],[35.344,-68.188],[35.531,-96]],"c":true}]},{"i":{"x":0.5,"y":1},"o":{"x":0.5,"y":0},"t":25,"s":[{"i":[[25,2.375],[-22.375,0.75],[-0.782,-4.8],[-0.563,-3.938],[-1,-1.75],[0,0],[1.156,24.063]],"o":[[-9.152,-0.869],[7.375,-0.438],[0.582,3.569],[0.373,2.61],[1,1.75],[0,0],[-0.198,-4.12]],"v":[[7.156,-123],[17.045,-97.5],[26.514,-90.137],[31.982,-82.125],[32.344,-72.188],[35.344,-68.188],[35.531,-96]],"c":true}]},{"i":{"x":0.5,"y":1},"o":{"x":0.5,"y":0},"t":40,"s":[{"i":[[25,2.375],[-22.375,0.75],[-0.782,-4.8],[-0.563,-3.938],[-1,-1.75],[0,0],[1.156,24.063]],"o":[[-9.152,-0.869],[7.375,-0.438],[0.582,3.569],[0.373,2.61],[1,1.75],[0,0],[-0.198,-4.12]],"v":[[7.156,-123],[17.214,-93.001],[26.684,-85.638],[32.151,-77.626],[32.344,-72.188],[35.344,-68.188],[35.531,-96]],"c":true}]},{"i":{"x":0.833,"y":1},"o":{"x":0.5,"y":0},"t":55,"s":[{"i":[[25,2.375],[-22.375,0.75],[-0.782,-4.8],[-0.563,-3.938],[-1,-1.75],[0,0],[1.156,24.063]],"o":[[-9.152,-0.869],[7.375,-0.438],[0.582,3.569],[0.373,2.61],[1,1.75],[0,0],[-0.198,-4.12]],"v":[[7.156,-123],[17.094,-95.75],[26.563,-88.387],[32.031,-80.375],[32.344,-72.188],[35.344,-68.188],[35.531,-96]],"c":true}]},{"i":{"x":0.833,"y":1},"o":{"x":0.167,"y":0},"t":75,"s":[{"i":[[25,2.375],[-22.375,0.75],[-0.782,-4.8],[-0.563,-3.938],[-1,-1.75],[0,0],[1.156,24.063]],"o":[[-9.152,-0.869],[7.375,-0.438],[0.582,3.569],[0.373,2.61],[1,1.75],[0,0],[-0.198,-4.12]],"v":[[7.156,-123],[17.094,-95.75],[26.563,-88.387],[32.031,-80.375],[32.344,-72.188],[35.344,-68.188],[35.531,-96]],"c":true}]},{"i":{"x":0.833,"y":1},"o":{"x":0.167,"y":0},"t":95,"s":[{"i":[[25,2.375],[-22.375,0.75],[-0.782,-4.8],[-0.563,-3.938],[-1,-1.75],[0,0],[1.156,24.063]],"o":[[-9.152,-0.869],[7.375,-0.438],[0.582,3.569],[0.373,2.61],[1,1.75],[0,0],[-0.198,-4.12]],"v":[[7.156,-123],[22.975,-96.449],[32.445,-89.086],[34.781,-80.351],[35.094,-72.163],[35.344,-68.188],[35.531,-96]],"c":true}]},{"i":{"x":0.5,"y":1},"o":{"x":0.167,"y":0},"t":130,"s":[{"i":[[25,2.375],[-22.375,0.75],[-0.782,-4.8],[-0.563,-3.938],[-1,-1.75],[0,0],[1.156,24.063]],"o":[[-9.152,-0.869],[7.375,-0.438],[0.582,3.569],[0.373,2.61],[1,1.75],[0,0],[-0.198,-4.12]],"v":[[7.156,-123],[22.975,-96.449],[32.445,-89.086],[34.781,-80.351],[35.094,-72.163],[35.344,-68.188],[35.531,-96]],"c":true}]},{"i":{"x":0.833,"y":1},"o":{"x":0.167,"y":0},"t":150,"s":[{"i":[[25.04,1.905],[-29.51,-0.632],[-0.782,-4.8],[-0.563,-3.938],[-1,-1.75],[0,0],[1.156,24.063]],"o":[[-21.309,-1.621],[7.375,-0.438],[0.582,3.569],[0.373,2.61],[1,1.75],[0,0],[-0.198,-4.12]],"v":[[7.156,-123],[11.714,-93.019],[21.184,-85.656],[26.651,-77.644],[26.844,-72.206],[32.089,-67.686],[35.531,-96]],"c":true}]},{"i":{"x":0.5,"y":1},"o":{"x":0.167,"y":0},"t":190,"s":[{"i":[[25.04,1.905],[-29.51,-0.632],[-0.782,-4.8],[-0.563,-3.938],[-1,-1.75],[0,0],[1.156,24.063]],"o":[[-21.309,-1.621],[7.375,-0.438],[0.582,3.569],[0.373,2.61],[1,1.75],[0,0],[-0.198,-4.12]],"v":[[7.156,-123],[11.714,-93.019],[21.184,-85.656],[26.651,-77.644],[26.844,-72.206],[32.089,-67.686],[35.531,-96]],"c":true}]},{"i":{"x":0.833,"y":1},"o":{"x":0.167,"y":0},"t":205,"s":[{"i":[[25,2.375],[-22.375,0.75],[-0.782,-4.8],[-0.563,-3.938],[-1,-1.75],[0,0],[1.156,24.063]],"o":[[-9.152,-0.869],[7.375,-0.438],[0.582,3.569],[0.373,2.61],[1,1.75],[0,0],[-0.198,-4.12]],"v":[[7.156,-123],[17.214,-93.001],[26.684,-85.638],[32.151,-77.626],[32.344,-72.188],[35.344,-68.188],[35.531,-96]],"c":true}]},{"t":290,"s":[{"i":[[25,2.375],[-22.375,0.75],[-0.782,-4.8],[-0.563,-3.938],[-1,-1.75],[0,0],[1.156,24.063]],"o":[[-9.152,-0.869],[7.375,-0.438],[0.582,3.569],[0.373,2.61],[1,1.75],[0,0],[-0.198,-4.12]],"v":[[7.156,-123],[17.214,-93.001],[26.684,-85.638],[32.151,-77.626],[32.344,-72.188],[35.344,-68.188],[35.531,-96]],"c":true}]}],"ix":2},"nm":"Path 1","mn":"ADBE Vector Shape - Group","hd":false},{"ty":"st","c":{"a":0,"k":[0.321568986481,0.318201012705,0.035309002446,1],"ix":3},"o":{"a":0,"k":100,"ix":4},"w":{"a":0,"k":0,"ix":5},"lc":1,"lj":1,"ml":4,"bm":0,"nm":"Stroke 1","mn":"ADBE Vector Graphic - Stroke","hd":false},{"ty":"fl","c":{"a":0,"k":[0.196078431373,0.176470588235,0.270588235294,1],"ix":4},"o":{"a":0,"k":100,"ix":5},"r":1,"bm":0,"nm":"Fill 1","mn":"ADBE Vector Graphic - Fill","hd":false},{"ty":"tr","p":{"a":0,"k":[0,0],"ix":2},"a":{"a":0,"k":[0,0],"ix":1},"s":{"a":0,"k":[100,100],"ix":3},"r":{"a":0,"k":0,"ix":6},"o":{"a":0,"k":100,"ix":7},"sk":{"a":0,"k":0,"ix":4},"sa":{"a":0,"k":0,"ix":5},"nm":"Transform"}],"nm":"Shape 4","np":3,"cix":2,"bm":0,"ix":1,"mn":"ADBE Vector Group","hd":false},{"ty":"gr","it":[{"ind":0,"ty":"sh","ix":1,"ks":{"a":1,"k":[{"i":{"x":0.5,"y":1},"o":{"x":0.5,"y":0},"t":10,"s":[{"i":[[-23.911,2.375],[21.401,0.75],[0.748,-4.8],[0.538,-3.938],[0.956,-1.75],[0,0],[-1.734,24.438]],"o":[[8.754,-0.869],[-7.054,-0.438],[-0.556,3.569],[-0.357,2.61],[-0.956,1.75],[0,0],[0.292,-4.114]],"v":[[-22.583,-123.063],[-31.968,-93.063],[-41.025,-85.701],[-46.255,-77.688],[-46.674,-72.25],[-49.419,-68.25],[-49.766,-96.313]],"c":true}]},{"i":{"x":0.5,"y":1},"o":{"x":0.5,"y":0},"t":25,"s":[{"i":[[-23.911,2.375],[21.401,0.75],[0.748,-4.8],[0.538,-3.938],[0.956,-1.75],[0,0],[-1.734,24.438]],"o":[[8.754,-0.869],[-7.054,-0.438],[-0.556,3.569],[-0.357,2.61],[-0.956,1.75],[0,0],[0.292,-4.114]],"v":[[-22.583,-123.063],[-32.137,-97.562],[-41.195,-90.199],[-46.424,-82.187],[-46.674,-72.25],[-49.419,-68.25],[-49.766,-96.313]],"c":true}]},{"i":{"x":0.5,"y":1},"o":{"x":0.5,"y":0},"t":40,"s":[{"i":[[-23.911,2.375],[21.401,0.75],[0.748,-4.8],[0.538,-3.938],[0.956,-1.75],[0,0],[-1.734,24.438]],"o":[[8.754,-0.869],[-7.054,-0.438],[-0.556,3.569],[-0.357,2.61],[-0.956,1.75],[0,0],[0.292,-4.114]],"v":[[-22.583,-123.063],[-31.968,-93.063],[-41.025,-85.701],[-46.255,-77.688],[-46.674,-72.25],[-49.419,-68.25],[-49.766,-96.313]],"c":true}]},{"i":{"x":0.833,"y":1},"o":{"x":0.5,"y":0},"t":55,"s":[{"i":[[-23.911,2.375],[21.401,0.75],[0.748,-4.8],[0.538,-3.938],[0.956,-1.75],[0,0],[-1.734,24.438]],"o":[[8.754,-0.869],[-7.054,-0.438],[-0.556,3.569],[-0.357,2.61],[-0.956,1.75],[0,0],[0.292,-4.114]],"v":[[-22.583,-123.063],[-32.088,-95.813],[-41.146,-88.45],[-46.375,-80.438],[-46.674,-72.25],[-49.419,-68.25],[-49.766,-96.313]],"c":true}]},{"i":{"x":0.833,"y":1},"o":{"x":0.167,"y":0},"t":75,"s":[{"i":[[-23.911,2.375],[21.401,0.75],[0.748,-4.8],[0.538,-3.938],[0.956,-1.75],[0,0],[-1.734,24.438]],"o":[[8.754,-0.869],[-7.054,-0.438],[-0.556,3.569],[-0.357,2.61],[-0.956,1.75],[0,0],[0.292,-4.114]],"v":[[-22.583,-123.063],[-32.088,-95.813],[-41.146,-88.45],[-46.375,-80.438],[-46.674,-72.25],[-49.419,-68.25],[-49.766,-96.313]],"c":true}]},{"i":{"x":0.833,"y":1},"o":{"x":0.167,"y":0},"t":95,"s":[{"i":[[-23.911,2.375],[21.401,0.75],[0.748,-4.8],[0.538,-3.938],[0.956,-1.75],[0,0],[-1.734,24.438]],"o":[[8.754,-0.869],[-7.054,-0.438],[-0.556,3.569],[-0.357,2.61],[-0.956,1.75],[0,0],[0.292,-4.114]],"v":[[-22.583,-123.063],[-25.964,-95.731],[-35.021,-88.368],[-40.251,-80.356],[-40.55,-72.169],[-46.169,-68.17],[-46.517,-96.232]],"c":true}]},{"i":{"x":0.5,"y":1},"o":{"x":0.167,"y":0},"t":130,"s":[{"i":[[-23.911,2.375],[21.401,0.75],[0.748,-4.8],[0.538,-3.938],[0.956,-1.75],[0,0],[-1.734,24.438]],"o":[[8.754,-0.869],[-7.054,-0.438],[-0.556,3.569],[-0.357,2.61],[-0.956,1.75],[0,0],[0.292,-4.114]],"v":[[-22.583,-123.063],[-25.964,-95.731],[-35.021,-88.368],[-40.251,-80.356],[-40.55,-72.169],[-46.169,-68.17],[-46.517,-96.232]],"c":true}]},{"i":{"x":0.833,"y":1},"o":{"x":0.167,"y":0},"t":150,"s":[{"i":[[-23.911,2.375],[21.401,0.75],[0.748,-4.8],[0.538,-3.938],[0.956,-1.75],[0,0],[-1.734,24.438]],"o":[[8.754,-0.869],[-7.054,-0.438],[-0.556,3.569],[-0.357,2.61],[-0.956,1.75],[0,0],[0.292,-4.114]],"v":[[-22.583,-123.063],[-35.342,-93.147],[-44.4,-85.784],[-48.505,-77.749],[-48.924,-72.31],[-49.419,-68.25],[-49.766,-96.313]],"c":true}]},{"i":{"x":0.5,"y":1},"o":{"x":0.167,"y":0},"t":190,"s":[{"i":[[-23.911,2.375],[21.401,0.75],[0.748,-4.8],[0.538,-3.938],[0.956,-1.75],[0,0],[-1.734,24.438]],"o":[[8.754,-0.869],[-7.054,-0.438],[-0.556,3.569],[-0.357,2.61],[-0.956,1.75],[0,0],[0.292,-4.114]],"v":[[-22.583,-123.063],[-35.342,-93.147],[-44.4,-85.784],[-48.505,-77.749],[-48.924,-72.31],[-49.419,-68.25],[-49.766,-96.313]],"c":true}]},{"i":{"x":0.833,"y":1},"o":{"x":0.167,"y":0},"t":205,"s":[{"i":[[-23.911,2.375],[21.401,0.75],[0.748,-4.8],[0.538,-3.938],[0.956,-1.75],[0,0],[-1.734,24.438]],"o":[[8.754,-0.869],[-7.054,-0.438],[-0.556,3.569],[-0.357,2.61],[-0.956,1.75],[0,0],[0.292,-4.114]],"v":[[-22.583,-123.063],[-31.968,-93.063],[-41.025,-85.701],[-46.255,-77.688],[-46.674,-72.25],[-49.419,-68.25],[-49.766,-96.313]],"c":true}]},{"t":290,"s":[{"i":[[-23.911,2.375],[21.401,0.75],[0.748,-4.8],[0.538,-3.938],[0.956,-1.75],[0,0],[-1.734,24.438]],"o":[[8.754,-0.869],[-7.054,-0.438],[-0.556,3.569],[-0.357,2.61],[-0.956,1.75],[0,0],[0.292,-4.114]],"v":[[-22.583,-123.063],[-31.968,-93.063],[-41.025,-85.701],[-46.255,-77.688],[-46.674,-72.25],[-49.419,-68.25],[-49.766,-96.313]],"c":true}]}],"ix":2},"nm":"Path 1","mn":"ADBE Vector Shape - Group","hd":false},{"ty":"st","c":{"a":0,"k":[0.321568986481,0.318201012705,0.035309002446,1],"ix":3},"o":{"a":0,"k":100,"ix":4},"w":{"a":0,"k":0,"ix":5},"lc":1,"lj":1,"ml":4,"bm":0,"nm":"Stroke 1","mn":"ADBE Vector Graphic - Stroke","hd":false},{"ty":"fl","c":{"a":0,"k":[0.196078431373,0.176470588235,0.270588235294,1],"ix":4},"o":{"a":0,"k":100,"ix":5},"r":1,"bm":0,"nm":"Fill 1","mn":"ADBE Vector Graphic - Fill","hd":false},{"ty":"tr","p":{"a":0,"k":[0,0],"ix":2},"a":{"a":0,"k":[0,0],"ix":1},"s":{"a":0,"k":[100,100],"ix":3},"r":{"a":0,"k":0,"ix":6},"o":{"a":0,"k":100,"ix":7},"sk":{"a":0,"k":0,"ix":4},"sa":{"a":0,"k":0,"ix":5},"nm":"Transform"}],"nm":"Shape 3","np":3,"cix":2,"bm":0,"ix":2,"mn":"ADBE Vector Group","hd":false},{"ty":"gr","it":[{"ind":0,"ty":"sh","ix":1,"ks":{"a":1,"k":[{"i":{"x":0.5,"y":1},"o":{"x":0.5,"y":0},"t":10,"s":[{"i":[[38.75,0],[0,-34.5],[-29.75,0],[0,17]],"o":[[-38.75,0],[0,21.25],[31.5,0],[0,-35.25]],"v":[[-6.75,-123.5],[-49.25,-71.25],[-6.75,-25.75],[35.25,-71.25]],"c":true}]},{"i":{"x":0.5,"y":1},"o":{"x":0.5,"y":0},"t":25,"s":[{"i":[[38.75,0],[0,-34.5],[-29.75,0],[0,17]],"o":[[-38.75,0],[0,21.25],[31.5,0],[0,-35.25]],"v":[[-6.75,-123.5],[-49.25,-71.25],[-6.75,-25.75],[35.25,-71.25]],"c":true}]},{"i":{"x":0.5,"y":1},"o":{"x":0.5,"y":0},"t":40,"s":[{"i":[[38.75,0],[0,-34.5],[-29.75,0],[0,17]],"o":[[-38.75,0],[0,21.25],[31.5,0],[0,-35.25]],"v":[[-6.75,-123.5],[-49.25,-71.25],[-6.734,-23.125],[35.25,-71.25]],"c":true}]},{"i":{"x":0.833,"y":1},"o":{"x":0.5,"y":0},"t":55,"s":[{"i":[[38.75,0],[0,-34.5],[-29.75,0],[0,17]],"o":[[-38.75,0],[0,21.25],[31.5,0],[0,-35.25]],"v":[[-6.75,-123.5],[-49.25,-71.25],[-6.75,-25.75],[35.25,-71.25]],"c":true}]},{"i":{"x":0.833,"y":1},"o":{"x":0.167,"y":0},"t":75,"s":[{"i":[[38.75,0],[0,-34.5],[-29.75,0],[0,17]],"o":[[-38.75,0],[0,21.25],[31.5,0],[0,-35.25]],"v":[[-6.75,-123.5],[-49.25,-71.25],[-6.75,-25.75],[35.25,-71.25]],"c":true}]},{"i":{"x":0.833,"y":1},"o":{"x":0.167,"y":0},"t":95,"s":[{"i":[[38.75,0],[0,-34.5],[-31.447,1.441],[0,17]],"o":[[-38.75,0],[0,21.25],[29.072,-1.332],[0,-35.25]],"v":[[-6.75,-123.5],[-45.625,-71.19],[2.092,-25.265],[35.25,-71.25]],"c":true}]},{"i":{"x":0.5,"y":1},"o":{"x":0.167,"y":0},"t":130,"s":[{"i":[[38.75,0],[0,-34.5],[-31.447,1.441],[0,17]],"o":[[-38.75,0],[0,21.25],[29.072,-1.332],[0,-35.25]],"v":[[-6.75,-123.5],[-45.625,-71.19],[2.092,-25.265],[35.25,-71.25]],"c":true}]},{"i":{"x":0.833,"y":1},"o":{"x":0.167,"y":0},"t":150,"s":[{"i":[[38.75,0],[0,-34.5],[-25.521,0],[0,17]],"o":[[-38.75,0],[0,21.25],[44.981,0],[0,-35.25]],"v":[[-6.75,-123.5],[-49.25,-71.25],[-19.629,-24.326],[32.75,-71.272]],"c":true}]},{"i":{"x":0.5,"y":1},"o":{"x":0.167,"y":0},"t":190,"s":[{"i":[[38.75,0],[0,-34.5],[-25.521,0],[0,17]],"o":[[-38.75,0],[0,21.25],[44.981,0],[0,-35.25]],"v":[[-6.75,-123.5],[-49.25,-71.25],[-19.629,-24.326],[32.75,-71.272]],"c":true}]},{"i":{"x":0.833,"y":1},"o":{"x":0.167,"y":0},"t":205,"s":[{"i":[[38.75,0],[0,-34.5],[-29.75,0],[0,17]],"o":[[-38.75,0],[0,21.25],[31.5,0],[0,-35.25]],"v":[[-6.75,-123.5],[-49.25,-71.25],[-6.75,-25.75],[35.25,-71.25]],"c":true}]},{"t":290,"s":[{"i":[[38.75,0],[0,-34.5],[-29.75,0],[0,17]],"o":[[-38.75,0],[0,21.25],[31.5,0],[0,-35.25]],"v":[[-6.75,-123.5],[-49.25,-71.25],[-6.75,-25.75],[35.25,-71.25]],"c":true}]}],"ix":2},"nm":"Path 1","mn":"ADBE Vector Shape - Group","hd":false},{"ty":"st","c":{"a":0,"k":[0.321568986481,0.318201012705,0.035309002446,1],"ix":3},"o":{"a":0,"k":100,"ix":4},"w":{"a":0,"k":0,"ix":5},"lc":1,"lj":1,"ml":4,"bm":0,"nm":"Stroke 1","mn":"ADBE Vector Graphic - Stroke","hd":false},{"ty":"fl","c":{"a":0,"k":[0.96862745098,0.647058823529,0.494117647059,1],"ix":4},"o":{"a":0,"k":100,"ix":5},"r":1,"bm":0,"nm":"Fill 1","mn":"ADBE Vector Graphic - Fill","hd":false},{"ty":"tr","p":{"a":0,"k":[0,0],"ix":2},"a":{"a":0,"k":[0,0],"ix":1},"s":{"a":0,"k":[100,100],"ix":3},"r":{"a":0,"k":0,"ix":6},"o":{"a":0,"k":100,"ix":7},"sk":{"a":0,"k":0,"ix":4},"sa":{"a":0,"k":0,"ix":5},"nm":"Transform"}],"nm":"Shape 2","np":3,"cix":2,"bm":0,"ix":3,"mn":"ADBE Vector Group","hd":false},{"ty":"gr","it":[{"ind":0,"ty":"sh","ix":1,"ks":{"a":1,"k":[{"i":{"x":0.5,"y":1},"o":{"x":0.5,"y":0},"t":10,"s":[{"i":[[38.75,0],[0,-34.5],[-29.75,0],[0,17]],"o":[[-38.75,0],[0,21.25],[31.5,0],[0,-35.25]],"v":[[-6.75,-123.5],[-49.25,-67],[-6.75,-18.75],[35.25,-67]],"c":true}]},{"i":{"x":0.5,"y":1},"o":{"x":0.5,"y":0},"t":25,"s":[{"i":[[38.75,0],[0,-34.5],[-29.75,0],[0,17]],"o":[[-38.75,0],[0,21.25],[31.5,0],[0,-35.25]],"v":[[-6.75,-123.5],[-49.25,-67],[-6.75,-18.75],[35.25,-67]],"c":true}]},{"i":{"x":0.5,"y":1},"o":{"x":0.5,"y":0},"t":40,"s":[{"i":[[38.75,0],[0,-34.5],[-29.75,0],[0,17]],"o":[[-38.75,0],[0,21.25],[31.5,0],[0,-35.25]],"v":[[-6.75,-123.5],[-49.25,-67],[-6.75,-18.75],[35.25,-67]],"c":true}]},{"i":{"x":0.833,"y":1},"o":{"x":0.5,"y":0},"t":55,"s":[{"i":[[38.75,0],[0,-34.5],[-29.75,0],[0,17]],"o":[[-38.75,0],[0,21.25],[31.5,0],[0,-35.25]],"v":[[-6.75,-123.5],[-49.25,-67],[-6.75,-18.75],[35.25,-67]],"c":true}]},{"i":{"x":0.833,"y":1},"o":{"x":0.167,"y":0},"t":75,"s":[{"i":[[38.75,0],[0,-34.5],[-29.75,0],[0,17]],"o":[[-38.75,0],[0,21.25],[31.5,0],[0,-35.25]],"v":[[-6.75,-123.5],[-49.25,-67],[-6.75,-18.75],[35.25,-67]],"c":true}]},{"i":{"x":0.833,"y":1},"o":{"x":0.167,"y":0},"t":95,"s":[{"i":[[38.75,0],[0,-34.5],[-29.75,0.107],[0,17]],"o":[[-38.75,0],[0,21.25],[28.845,-0.103],[0,-35.25]],"v":[[-6.75,-123.5],[-46.001,-66.92],[-2.625,-18.786],[35.25,-67]],"c":true}]},{"i":{"x":0.5,"y":1},"o":{"x":0.167,"y":0},"t":130,"s":[{"i":[[38.75,0],[0,-34.5],[-29.75,0.107],[0,17]],"o":[[-38.75,0],[0,21.25],[28.845,-0.103],[0,-35.25]],"v":[[-6.75,-123.5],[-46.001,-66.92],[-2.625,-18.786],[35.25,-67]],"c":true}]},{"i":{"x":0.833,"y":1},"o":{"x":0.167,"y":0},"t":150,"s":[{"i":[[38.75,0],[0,-34.5],[-27.428,-0.954],[0,17]],"o":[[-38.75,0],[0,21.25],[34.171,1.189],[0,-35.25]],"v":[[-6.75,-123.5],[-49.25,-67],[-14.375,-18.762],[33.001,-67.144]],"c":true}]},{"i":{"x":0.5,"y":1},"o":{"x":0.167,"y":0},"t":190,"s":[{"i":[[38.75,0],[0,-34.5],[-27.428,-0.954],[0,17]],"o":[[-38.75,0],[0,21.25],[34.171,1.189],[0,-35.25]],"v":[[-6.75,-123.5],[-49.25,-67],[-14.375,-18.762],[33.001,-67.144]],"c":true}]},{"i":{"x":0.833,"y":1},"o":{"x":0.167,"y":0},"t":205,"s":[{"i":[[38.75,0],[0,-34.5],[-29.75,0],[0,17]],"o":[[-38.75,0],[0,21.25],[31.5,0],[0,-35.25]],"v":[[-6.75,-123.5],[-49.25,-67],[-6.75,-18.75],[35.25,-67]],"c":true}]},{"t":290,"s":[{"i":[[38.75,0],[0,-34.5],[-29.75,0],[0,17]],"o":[[-38.75,0],[0,21.25],[31.5,0],[0,-35.25]],"v":[[-6.75,-123.5],[-49.25,-67],[-6.75,-18.75],[35.25,-67]],"c":true}]}],"ix":2},"nm":"Path 1","mn":"ADBE Vector Shape - Group","hd":false},{"ty":"st","c":{"a":0,"k":[0.321568986481,0.318201012705,0.035309002446,1],"ix":3},"o":{"a":0,"k":100,"ix":4},"w":{"a":0,"k":0,"ix":5},"lc":1,"lj":1,"ml":4,"bm":0,"nm":"Stroke 1","mn":"ADBE Vector Graphic - Stroke","hd":false},{"ty":"fl","c":{"a":0,"k":[0.866666666667,0.517647058824,0.349019607843,1],"ix":4},"o":{"a":0,"k":100,"ix":5},"r":1,"bm":0,"nm":"Fill 1","mn":"ADBE Vector Graphic - Fill","hd":false},{"ty":"tr","p":{"a":0,"k":[0,0],"ix":2},"a":{"a":0,"k":[0,0],"ix":1},"s":{"a":0,"k":[100,100],"ix":3},"r":{"a":0,"k":0,"ix":6},"o":{"a":0,"k":100,"ix":7},"sk":{"a":0,"k":0,"ix":4},"sa":{"a":0,"k":0,"ix":5},"nm":"Transform"}],"nm":"Shape 7","np":3,"cix":2,"bm":0,"ix":4,"mn":"ADBE Vector Group","hd":false}],"ip":0,"op":450,"st":0,"bm":0},{"ddd":0,"ind":8,"ty":4,"nm":"ear2","parent":7,"sr":1,"ks":{"o":{"a":0,"k":100,"ix":11},"r":{"a":0,"k":0,"ix":10},"p":{"a":1,"k":[{"i":{"x":0.7,"y":1},"o":{"x":0.3,"y":0},"t":0,"s":[34.875,-61.938,0],"to":[0,-1.917,0],"ti":[0,-1.417,0]},{"i":{"x":0.7,"y":1},"o":{"x":0.3,"y":0},"t":10,"s":[34.875,-73.438,0],"to":[0,1.417,0],"ti":[0,-1.583,0]},{"i":{"x":0.7,"y":1},"o":{"x":0.3,"y":0},"t":25,"s":[34.875,-53.438,0],"to":[0,1.583,0],"ti":[0,1.417,0]},{"i":{"x":0.7,"y":1},"o":{"x":0.3,"y":0},"t":40,"s":[34.875,-63.938,0],"to":[0,-1.417,0],"ti":[0,-0.333,0]},{"i":{"x":0.52,"y":0.52},"o":{"x":0.3,"y":0.3},"t":55,"s":[34.875,-61.938,0],"to":[0,0,0],"ti":[0,0,0]},{"i":{"x":0.52,"y":1},"o":{"x":0.48,"y":0},"t":75,"s":[34.875,-61.938,0],"to":[-0.867,0.015,0],"ti":[0.867,-0.015,0]},{"i":{"x":0.52,"y":1},"o":{"x":0.167,"y":0},"t":95,"s":[29.676,-61.846,0],"to":[-0.867,0.015,0],"ti":[-0.867,0.015,0]},{"i":{"x":0.52,"y":1},"o":{"x":0.167,"y":0},"t":130,"s":[29.676,-61.846,0],"to":[0.867,-0.015,0],"ti":[-0.867,0.015,0]},{"i":{"x":0.52,"y":0.52},"o":{"x":0.167,"y":0.167},"t":150,"s":[34.875,-61.938,0],"to":[0,0,0],"ti":[0,0,0]},{"i":{"x":0.7,"y":0.7},"o":{"x":0.167,"y":0.167},"t":190,"s":[34.875,-61.938,0],"to":[0,0,0],"ti":[0,0,0]},{"i":{"x":0.7,"y":0.7},"o":{"x":0.3,"y":0.3},"t":205,"s":[34.875,-61.938,0],"to":[0,0,0],"ti":[0,0,0]},{"i":{"x":0.7,"y":1},"o":{"x":0.3,"y":0},"t":235,"s":[34.875,-61.938,0],"to":[0,0.483,0],"ti":[0,0,0]},{"i":{"x":0.7,"y":1},"o":{"x":0.3,"y":0},"t":247.5,"s":[34.875,-59.037,0],"to":[0,0,0],"ti":[0,0.483,0]},{"i":{"x":0.43,"y":0.43},"o":{"x":0.167,"y":0.167},"t":260,"s":[34.875,-61.938,0],"to":[0,0,0],"ti":[0,0,0]},{"i":{"x":0.43,"y":1},"o":{"x":0.167,"y":0},"t":290,"s":[34.875,-61.938,0],"to":[0,-0.733,0],"ti":[0,-1.217,0]},{"i":{"x":0.43,"y":1},"o":{"x":0.167,"y":0},"t":300,"s":[34.875,-66.337,0],"to":[0,1.217,0],"ti":[0,0.55,0]},{"i":{"x":0.43,"y":1},"o":{"x":0.167,"y":0},"t":310,"s":[34.875,-54.637,0],"to":[0,-0.55,0],"ti":[0,2.5,0]},{"t":320,"s":[34.875,-69.637,0]}],"ix":2},"a":{"a":0,"k":[-45,-67,0],"ix":1},"s":{"a":0,"k":[100,100,100],"ix":6}},"ao":0,"shapes":[{"ty":"gr","it":[{"d":1,"ty":"el","s":{"a":0,"k":[15,15],"ix":2},"p":{"a":0,"k":[0,0],"ix":3},"nm":"Ellipse Path 1","mn":"ADBE Vector Shape - Ellipse","hd":false},{"ty":"st","c":{"a":0,"k":[0.321568986481,0.318201012705,0.035309002446,1],"ix":3},"o":{"a":0,"k":100,"ix":4},"w":{"a":0,"k":0,"ix":5},"lc":1,"lj":1,"ml":4,"bm":0,"nm":"Stroke 1","mn":"ADBE Vector Graphic - Stroke","hd":false},{"ty":"fl","c":{"a":0,"k":[0.737254901961,0.352941176471,0.301960784314,1],"ix":4},"o":{"a":0,"k":100,"ix":5},"r":1,"bm":0,"nm":"Fill 1","mn":"ADBE Vector Graphic - Fill","hd":false},{"ty":"tr","p":{"a":0,"k":[-45,-67],"ix":2},"a":{"a":0,"k":[0,0],"ix":1},"s":{"a":0,"k":[100,100],"ix":3},"r":{"a":0,"k":0,"ix":6},"o":{"a":0,"k":100,"ix":7},"sk":{"a":0,"k":0,"ix":4},"sa":{"a":0,"k":0,"ix":5},"nm":"Transform"}],"nm":"Ellipse 2","np":3,"cix":2,"bm":0,"ix":1,"mn":"ADBE Vector Group","hd":false},{"ty":"gr","it":[{"d":1,"ty":"el","s":{"a":0,"k":[25,25],"ix":2},"p":{"a":0,"k":[0,0],"ix":3},"nm":"Ellipse Path 1","mn":"ADBE Vector Shape - Ellipse","hd":false},{"ty":"st","c":{"a":0,"k":[0.321568986481,0.318201012705,0.035309002446,1],"ix":3},"o":{"a":0,"k":100,"ix":4},"w":{"a":0,"k":0,"ix":5},"lc":1,"lj":1,"ml":4,"bm":0,"nm":"Stroke 1","mn":"ADBE Vector Graphic - Stroke","hd":false},{"ty":"fl","c":{"a":0,"k":[0.866666666667,0.517647058824,0.349019607843,1],"ix":4},"o":{"a":0,"k":100,"ix":5},"r":1,"bm":0,"nm":"Fill 1","mn":"ADBE Vector Graphic - Fill","hd":false},{"ty":"tr","p":{"a":0,"k":[-45,-67],"ix":2},"a":{"a":0,"k":[0,0],"ix":1},"s":{"a":0,"k":[100,100],"ix":3},"r":{"a":0,"k":0,"ix":6},"o":{"a":0,"k":100,"ix":7},"sk":{"a":0,"k":0,"ix":4},"sa":{"a":0,"k":0,"ix":5},"nm":"Transform"}],"nm":"Ellipse 1","np":3,"cix":2,"bm":0,"ix":2,"mn":"ADBE Vector Group","hd":false}],"ip":0,"op":450,"st":0,"bm":0},{"ddd":0,"ind":9,"ty":4,"nm":"ear1","parent":7,"sr":1,"ks":{"o":{"a":0,"k":100,"ix":11},"r":{"a":0,"k":0,"ix":10},"p":{"a":1,"k":[{"i":{"x":0.7,"y":1},"o":{"x":0.3,"y":0},"t":0,"s":[-50.125,-61.938,0],"to":[0,-1.917,0],"ti":[0,-1.417,0]},{"i":{"x":0.7,"y":1},"o":{"x":0.3,"y":0},"t":10,"s":[-50.125,-73.438,0],"to":[0,1.417,0],"ti":[0,-1.583,0]},{"i":{"x":0.7,"y":1},"o":{"x":0.3,"y":0},"t":25,"s":[-50.125,-53.438,0],"to":[0,1.583,0],"ti":[0,1.417,0]},{"i":{"x":0.7,"y":1},"o":{"x":0.3,"y":0},"t":40,"s":[-50.125,-63.938,0],"to":[0,-1.417,0],"ti":[0,-0.333,0]},{"i":{"x":0.52,"y":0.52},"o":{"x":0.3,"y":0.3},"t":55,"s":[-50.125,-61.938,0],"to":[0,0,0],"ti":[0,0,0]},{"i":{"x":0.52,"y":1},"o":{"x":0.48,"y":0},"t":75,"s":[-50.125,-61.938,0],"to":[0.396,0.008,0],"ti":[-0.396,-0.008,0]},{"i":{"x":0.52,"y":1},"o":{"x":0.167,"y":0},"t":95,"s":[-47.75,-61.892,0],"to":[0.396,0.008,0],"ti":[-0.854,-0.003,0]},{"i":{"x":0.52,"y":1},"o":{"x":0.167,"y":0},"t":130,"s":[-47.75,-61.892,0],"to":[0.854,0.003,0],"ti":[-0.854,-0.003,0]},{"i":{"x":0.52,"y":0.52},"o":{"x":0.167,"y":0.167},"t":150,"s":[-42.625,-61.873,0],"to":[0,0,0],"ti":[0,0,0]},{"i":{"x":0.7,"y":1},"o":{"x":0.167,"y":0},"t":190,"s":[-42.625,-61.873,0],"to":[-1.25,-0.011,0],"ti":[1.25,0.011,0]},{"i":{"x":0.7,"y":0.7},"o":{"x":0.3,"y":0.3},"t":205,"s":[-50.125,-61.938,0],"to":[0,0,0],"ti":[0,0,0]},{"i":{"x":0.7,"y":1},"o":{"x":0.3,"y":0},"t":235,"s":[-50.125,-61.938,0],"to":[0,0.483,0],"ti":[0,0,0]},{"i":{"x":0.7,"y":1},"o":{"x":0.3,"y":0},"t":247.5,"s":[-50.125,-59.037,0],"to":[0,0,0],"ti":[0,0.483,0]},{"i":{"x":0.43,"y":0.43},"o":{"x":0.167,"y":0.167},"t":260,"s":[-50.125,-61.938,0],"to":[0,0,0],"ti":[0,0,0]},{"i":{"x":0.43,"y":1},"o":{"x":0.167,"y":0},"t":290,"s":[-50.125,-61.938,0],"to":[0,-0.733,0],"ti":[0,-1.217,0]},{"i":{"x":0.43,"y":1},"o":{"x":0.167,"y":0},"t":300,"s":[-50.125,-66.337,0],"to":[0,1.217,0],"ti":[0,0.55,0]},{"i":{"x":0.43,"y":1},"o":{"x":0.167,"y":0},"t":310,"s":[-50.125,-54.637,0],"to":[0,-0.55,0],"ti":[0,2.5,0]},{"t":320,"s":[-50.125,-69.637,0]}],"ix":2},"a":{"a":0,"k":[-45,-67,0],"ix":1},"s":{"a":0,"k":[100,100,100],"ix":6}},"ao":0,"shapes":[{"ty":"gr","it":[{"d":1,"ty":"el","s":{"a":0,"k":[15,15],"ix":2},"p":{"a":0,"k":[0,0],"ix":3},"nm":"Ellipse Path 1","mn":"ADBE Vector Shape - Ellipse","hd":false},{"ty":"st","c":{"a":0,"k":[0.321568986481,0.318201012705,0.035309002446,1],"ix":3},"o":{"a":0,"k":100,"ix":4},"w":{"a":0,"k":0,"ix":5},"lc":1,"lj":1,"ml":4,"bm":0,"nm":"Stroke 1","mn":"ADBE Vector Graphic - Stroke","hd":false},{"ty":"fl","c":{"a":0,"k":[0.737254901961,0.352941176471,0.301960784314,1],"ix":4},"o":{"a":0,"k":100,"ix":5},"r":1,"bm":0,"nm":"Fill 1","mn":"ADBE Vector Graphic - Fill","hd":false},{"ty":"tr","p":{"a":0,"k":[-45,-67],"ix":2},"a":{"a":0,"k":[0,0],"ix":1},"s":{"a":0,"k":[100,100],"ix":3},"r":{"a":0,"k":0,"ix":6},"o":{"a":0,"k":100,"ix":7},"sk":{"a":0,"k":0,"ix":4},"sa":{"a":0,"k":0,"ix":5},"nm":"Transform"}],"nm":"Ellipse 2","np":3,"cix":2,"bm":0,"ix":1,"mn":"ADBE Vector Group","hd":false},{"ty":"gr","it":[{"d":1,"ty":"el","s":{"a":0,"k":[25,25],"ix":2},"p":{"a":0,"k":[0,0],"ix":3},"nm":"Ellipse Path 1","mn":"ADBE Vector Shape - Ellipse","hd":false},{"ty":"st","c":{"a":0,"k":[0.321568986481,0.318201012705,0.035309002446,1],"ix":3},"o":{"a":0,"k":100,"ix":4},"w":{"a":0,"k":0,"ix":5},"lc":1,"lj":1,"ml":4,"bm":0,"nm":"Stroke 1","mn":"ADBE Vector Graphic - Stroke","hd":false},{"ty":"fl","c":{"a":0,"k":[0.866666666667,0.517647058824,0.349019607843,1],"ix":4},"o":{"a":0,"k":100,"ix":5},"r":1,"bm":0,"nm":"Fill 1","mn":"ADBE Vector Graphic - Fill","hd":false},{"ty":"tr","p":{"a":0,"k":[-45,-67],"ix":2},"a":{"a":0,"k":[0,0],"ix":1},"s":{"a":0,"k":[100,100],"ix":3},"r":{"a":0,"k":0,"ix":6},"o":{"a":0,"k":100,"ix":7},"sk":{"a":0,"k":0,"ix":4},"sa":{"a":0,"k":0,"ix":5},"nm":"Transform"}],"nm":"Ellipse 1","np":3,"cix":2,"bm":0,"ix":2,"mn":"ADBE Vector Group","hd":false}],"ip":0,"op":450,"st":0,"bm":0},{"ddd":0,"ind":10,"ty":4,"nm":"bdn","sr":1,"ks":{"o":{"a":0,"k":100,"ix":11},"r":{"a":1,"k":[{"i":{"x":[0.833],"y":[1]},"o":{"x":[0.55],"y":[0]},"t":0,"s":[1]},{"i":{"x":[0.4],"y":[1]},"o":{"x":[0.167],"y":[0.167]},"t":10,"s":[-2]},{"i":{"x":[0.4],"y":[1]},"o":{"x":[0.167],"y":[0.25]},"t":25,"s":[0.5]},{"i":{"x":[0.4],"y":[1]},"o":{"x":[0.167],"y":[0]},"t":40,"s":[0]},{"i":{"x":[0.833],"y":[0.88]},"o":{"x":[0.167],"y":[0.167]},"t":70,"s":[0]},{"i":{"x":[0.833],"y":[0.906]},"o":{"x":[0.167],"y":[0.26]},"t":82,"s":[1]},{"i":{"x":[0.4],"y":[1]},"o":{"x":[0.167],"y":[0.036]},"t":95,"s":[1.5]},{"i":{"x":[0.5],"y":[1]},"o":{"x":[0.167],"y":[0]},"t":105,"s":[1.5]},{"i":{"x":[0.49],"y":[1]},"o":{"x":[0.5],"y":[0]},"t":125,"s":[1.5]},{"i":{"x":[0.49],"y":[1]},"o":{"x":[0.167],"y":[0.2]},"t":140,"s":[-1]},{"i":{"x":[0.833],"y":[1]},"o":{"x":[0.167],"y":[0]},"t":155,"s":[-1.5]},{"i":{"x":[0.833],"y":[1]},"o":{"x":[0.167],"y":[0]},"t":165,"s":[-1.5]},{"i":{"x":[0.833],"y":[1]},"o":{"x":[0.167],"y":[0]},"t":185,"s":[-1.5]},{"i":{"x":[0.833],"y":[1]},"o":{"x":[0.167],"y":[0]},"t":195,"s":[-0.5]},{"i":{"x":[0.833],"y":[1]},"o":{"x":[0.167],"y":[0]},"t":205,"s":[0]},{"i":{"x":[0.833],"y":[1]},"o":{"x":[0.167],"y":[0]},"t":215,"s":[0]},{"i":{"x":[0.833],"y":[1]},"o":{"x":[0.167],"y":[0]},"t":235,"s":[0]},{"i":{"x":[0.833],"y":[1]},"o":{"x":[0.167],"y":[0]},"t":247.5,"s":[0]},{"i":{"x":[0.43],"y":[1]},"o":{"x":[0.167],"y":[0]},"t":260,"s":[0]},{"i":{"x":[0.43],"y":[1]},"o":{"x":[0.167],"y":[0]},"t":290,"s":[0]},{"i":{"x":[0.43],"y":[1]},"o":{"x":[0.167],"y":[0]},"t":300,"s":[0]},{"i":{"x":[0.43],"y":[1]},"o":{"x":[0.167],"y":[-0.056]},"t":310,"s":[3]},{"t":320,"s":[-6]}],"ix":10},"p":{"a":1,"k":[{"i":{"x":0.833,"y":1},"o":{"x":0.55,"y":0},"t":0,"s":[200.125,482.125,0],"to":[0,0,0],"ti":[0,0,0]},{"i":{"x":0.4,"y":1},"o":{"x":0.167,"y":0.086},"t":10,"s":[200.125,492.325,0],"to":[0,0,0],"ti":[0,0,0]},{"i":{"x":0.4,"y":1},"o":{"x":0.167,"y":0.018},"t":25,"s":[200.125,313.125,0],"to":[0,0,0],"ti":[0,0,0]},{"i":{"x":0.4,"y":0.4},"o":{"x":0.167,"y":0.167},"t":40,"s":[200.125,339.625,0],"to":[0,0,0],"ti":[0,0,0]},{"i":{"x":0.833,"y":0.824},"o":{"x":0.167,"y":0.349},"t":70,"s":[200.125,339.625,0],"to":[0,0,0],"ti":[0,0,0]},{"i":{"x":0.833,"y":0.89},"o":{"x":0.167,"y":0.159},"t":82,"s":[200.125,340.772,0],"to":[0,0,0],"ti":[0,0,0]},{"i":{"x":0.4,"y":1},"o":{"x":0.167,"y":0.5},"t":95,"s":[200.125,339.391,0],"to":[0,0,0],"ti":[0,0,0]},{"i":{"x":0.5,"y":0.5},"o":{"x":0.167,"y":0.167},"t":105,"s":[200.125,339.625,0],"to":[0,0,0],"ti":[0,0,0]},{"i":{"x":0.49,"y":1},"o":{"x":0.5,"y":0},"t":125,"s":[200.125,339.625,0],"to":[0,0,0],"ti":[0,0,0]},{"i":{"x":0.49,"y":1},"o":{"x":0.167,"y":0.2},"t":140,"s":[200.125,341.425,0],"to":[0,0,0],"ti":[0,0,0]},{"i":{"x":0.49,"y":0.49},"o":{"x":0.167,"y":0.167},"t":155,"s":[200.125,339.625,0],"to":[0,0,0],"ti":[0,0,0]},{"i":{"x":0.49,"y":0.49},"o":{"x":0.167,"y":0.167},"t":165,"s":[200.125,339.625,0],"to":[0,0,0],"ti":[0,0,0]},{"i":{"x":0.536,"y":1},"o":{"x":0.207,"y":0},"t":185,"s":[200.125,339.625,0],"to":[0,0,0],"ti":[0,0,0]},{"i":{"x":0.614,"y":1},"o":{"x":0.282,"y":0},"t":195,"s":[200.125,340.925,0],"to":[0,0,0],"ti":[0,0,0]},{"i":{"x":0.614,"y":1},"o":{"x":0.167,"y":0},"t":205,"s":[200.125,338.325,0],"to":[0,0,0],"ti":[0,0,0]},{"i":{"x":0.614,"y":0.614},"o":{"x":0.167,"y":0.167},"t":215,"s":[200.125,339.625,0],"to":[0,0,0],"ti":[0,0,0]},{"i":{"x":0.614,"y":1},"o":{"x":0.167,"y":0},"t":235,"s":[200.125,339.625,0],"to":[0,0,0],"ti":[0,0,0]},{"i":{"x":0.614,"y":1},"o":{"x":0.167,"y":0},"t":247.5,"s":[200.125,333.425,0],"to":[0,0,0],"ti":[0,0,0]},{"i":{"x":0.43,"y":0.43},"o":{"x":0.167,"y":0.167},"t":260,"s":[200.125,334.525,0],"to":[0,0,0],"ti":[0,0,0]},{"i":{"x":0.43,"y":1},"o":{"x":0.167,"y":0.167},"t":290,"s":[200.125,334.525,0],"to":[0,0,0],"ti":[0,0,0]},{"i":{"x":0.43,"y":1},"o":{"x":0.167,"y":0.158},"t":300,"s":[200.125,337.225,0],"to":[0,0,0],"ti":[0,0,0]},{"i":{"x":0.43,"y":1},"o":{"x":0.167,"y":0.196},"t":310,"s":[200.125,323.125,0],"to":[0,0,0],"ti":[0,0,0]},{"t":320,"s":[200.125,525.203,0]}],"ix":2},"a":{"a":0,"k":[-7.057,113,0],"ix":1},"s":{"a":0,"k":[110,110,100],"ix":6}},"ao":0,"shapes":[{"ty":"gr","it":[{"ind":0,"ty":"sh","ix":1,"ks":{"a":0,"k":{"i":[[0,0],[0,0],[-7.375,0],[0,0],[0,0]],"o":[[0,0],[0,0],[6.5,0],[0,0],[0,0]],"v":[[-17.625,-28.375],[-17.625,-16.375],[-6.75,-14],[4.219,-16.375],[4.219,-27.125]],"c":false},"ix":2},"nm":"Path 1","mn":"ADBE Vector Shape - Group","hd":false},{"ty":"st","c":{"a":0,"k":[0.321568986481,0.318201012705,0.035309002446,1],"ix":3},"o":{"a":0,"k":100,"ix":4},"w":{"a":0,"k":0,"ix":5},"lc":1,"lj":1,"ml":4,"bm":0,"nm":"Stroke 1","mn":"ADBE Vector Graphic - Stroke","hd":false},{"ty":"fl","c":{"a":0,"k":[0.776470588235,0.364705882353,0.294117647059,1],"ix":4},"o":{"a":0,"k":100,"ix":5},"r":1,"bm":0,"nm":"Fill 1","mn":"ADBE Vector Graphic - Fill","hd":false},{"ty":"tr","p":{"a":0,"k":[0,0],"ix":2},"a":{"a":0,"k":[0,0],"ix":1},"s":{"a":0,"k":[100,100],"ix":3},"r":{"a":0,"k":0,"ix":6},"o":{"a":0,"k":100,"ix":7},"sk":{"a":0,"k":0,"ix":4},"sa":{"a":0,"k":0,"ix":5},"nm":"Transform"}],"nm":"Shape 3","np":3,"cix":2,"bm":0,"ix":1,"mn":"ADBE Vector Group","hd":false},{"ty":"gr","it":[{"ind":0,"ty":"sh","ix":1,"ks":{"a":0,"k":{"i":[[0,0],[0,0]],"o":[[0,0],[0,0]],"v":[[-6.75,-4.75],[-6.75,-36.25]],"c":false},"ix":2},"nm":"Path 1","mn":"ADBE Vector Shape - Group","hd":false},{"ty":"st","c":{"a":0,"k":[0.909803926945,0.482352942228,0.352941185236,1],"ix":3},"o":{"a":0,"k":100,"ix":4},"w":{"a":0,"k":22,"ix":5},"lc":2,"lj":2,"bm":0,"nm":"Stroke 1","mn":"ADBE Vector Graphic - Stroke","hd":false},{"ty":"tr","p":{"a":0,"k":[0,0],"ix":2},"a":{"a":0,"k":[0,0],"ix":1},"s":{"a":0,"k":[100,100],"ix":3},"r":{"a":0,"k":0,"ix":6},"o":{"a":0,"k":100,"ix":7},"sk":{"a":0,"k":0,"ix":4},"sa":{"a":0,"k":0,"ix":5},"nm":"Transform"}],"nm":"Shape 1","np":2,"cix":2,"bm":0,"ix":2,"mn":"ADBE Vector Group","hd":false},{"ty":"gr","it":[{"ind":0,"ty":"sh","ix":1,"ks":{"a":0,"k":{"i":[[0,0],[-9.375,-5],[0,-5.75],[0,0],[49.375,0]],"o":[[0,0],[10.185,5.432],[0,5.75],[0,0],[-8.265,0]],"v":[[-6.75,-8.5],[29.5,8],[38.625,21.5],[30.682,110.25],[-6.818,116.5]],"c":false},"ix":2},"nm":"Path 1","mn":"ADBE Vector Shape - Group","hd":false},{"ind":1,"ty":"sh","ix":2,"ks":{"a":0,"k":{"i":[[0,0],[9.501,-5],[0,-5.75],[0,0],[-47.999,0]],"o":[[0,0],[-10.323,5.432],[0,5.75],[0,0],[8.376,0]],"v":[[-6.751,-8.5],[-43.49,8],[-52.738,21.5],[-44.825,110.25],[-6.82,116.5]],"c":false},"ix":2},"nm":"Path 2","mn":"ADBE Vector Shape - Group","hd":false},{"ty":"st","c":{"a":0,"k":[0.321568986481,0.318201012705,0.035309002446,1],"ix":3},"o":{"a":0,"k":100,"ix":4},"w":{"a":0,"k":0,"ix":5},"lc":1,"lj":1,"ml":4,"bm":0,"nm":"Stroke 1","mn":"ADBE Vector Graphic - Stroke","hd":false},{"ty":"fl","c":{"a":0,"k":[0.274509803922,0.258823529412,0.36862745098,1],"ix":4},"o":{"a":0,"k":100,"ix":5},"r":1,"bm":0,"nm":"Fill 1","mn":"ADBE Vector Graphic - Fill","hd":false},{"ty":"tr","p":{"a":0,"k":[0,0],"ix":2},"a":{"a":0,"k":[0,0],"ix":1},"s":{"a":0,"k":[100,100],"ix":3},"r":{"a":0,"k":0,"ix":6},"o":{"a":0,"k":100,"ix":7},"sk":{"a":0,"k":0,"ix":4},"sa":{"a":0,"k":0,"ix":5},"nm":"Transform"}],"nm":"Shape 2","np":4,"cix":2,"bm":0,"ix":3,"mn":"ADBE Vector Group","hd":false}],"ip":0,"op":450,"st":0,"bm":0},{"ddd":0,"ind":11,"ty":4,"nm":"Shape Layer 7","parent":10,"sr":1,"ks":{"o":{"a":0,"k":100,"ix":11},"r":{"a":0,"k":0,"ix":10},"p":{"a":0,"k":[37.328,16.01,0],"ix":2},"a":{"a":0,"k":[-42.991,29.635,0],"ix":1},"s":{"a":0,"k":[-100,100,100],"ix":6}},"ao":0,"shapes":[{"ty":"gr","it":[{"ind":0,"ty":"sh","ix":1,"ks":{"a":0,"k":{"i":[[32.926,-5.88],[-5,-21],[0,0],[-2,0]],"o":[[-7,1.25],[5,21],[0,0],[2,0]],"v":[[-42.75,27.75],[-62.5,109.5],[-48,133],[-15,126]],"c":true},"ix":2},"nm":"Path 1","mn":"ADBE Vector Shape - Group","hd":false},{"ty":"st","c":{"a":0,"k":[1,0.2588239782,0.352940996955,1],"ix":3},"o":{"a":0,"k":100,"ix":4},"w":{"a":0,"k":0,"ix":5},"lc":1,"lj":1,"ml":4,"bm":0,"nm":"Stroke 1","mn":"ADBE Vector Graphic - Stroke","hd":false},{"ty":"fl","c":{"a":0,"k":[0.274509803922,0.258823529412,0.36862745098,1],"ix":4},"o":{"a":0,"k":100,"ix":5},"r":1,"bm":0,"nm":"Fill 1","mn":"ADBE Vector Graphic - Fill","hd":false},{"ty":"tr","p":{"a":0,"k":[0,0],"ix":2},"a":{"a":0,"k":[0,0],"ix":1},"s":{"a":0,"k":[100,100],"ix":3},"r":{"a":0,"k":0,"ix":6},"o":{"a":0,"k":100,"ix":7},"sk":{"a":0,"k":0,"ix":4},"sa":{"a":0,"k":0,"ix":5},"nm":"Transform"}],"nm":"Shape 1","np":3,"cix":2,"bm":0,"ix":1,"mn":"ADBE Vector Group","hd":false}],"ip":0,"op":450,"st":0,"bm":0},{"ddd":0,"ind":12,"ty":4,"nm":"Shape Layer 6","parent":10,"sr":1,"ks":{"o":{"a":0,"k":100,"ix":11},"r":{"a":0,"k":0,"ix":10},"p":{"a":0,"k":[-50.172,16.01,0],"ix":2},"a":{"a":0,"k":[-42.991,29.635,0],"ix":1},"s":{"a":0,"k":[100,100,100],"ix":6}},"ao":0,"shapes":[{"ty":"gr","it":[{"ind":0,"ty":"sh","ix":1,"ks":{"a":0,"k":{"i":[[32.926,-5.88],[-5,-21],[0,0],[-2,0]],"o":[[-7,1.25],[5,21],[0,0],[2,0]],"v":[[-42.75,27.75],[-62.5,109.5],[-48,133],[-15,126]],"c":true},"ix":2},"nm":"Path 1","mn":"ADBE Vector Shape - Group","hd":false},{"ty":"st","c":{"a":0,"k":[1,0.2588239782,0.352940996955,1],"ix":3},"o":{"a":0,"k":100,"ix":4},"w":{"a":0,"k":0,"ix":5},"lc":1,"lj":1,"ml":4,"bm":0,"nm":"Stroke 1","mn":"ADBE Vector Graphic - Stroke","hd":false},{"ty":"fl","c":{"a":0,"k":[0.274509803922,0.258823529412,0.36862745098,1],"ix":4},"o":{"a":0,"k":100,"ix":5},"r":1,"bm":0,"nm":"Fill 1","mn":"ADBE Vector Graphic - Fill","hd":false},{"ty":"tr","p":{"a":0,"k":[0,0],"ix":2},"a":{"a":0,"k":[0,0],"ix":1},"s":{"a":0,"k":[100,100],"ix":3},"r":{"a":0,"k":0,"ix":6},"o":{"a":0,"k":100,"ix":7},"sk":{"a":0,"k":0,"ix":4},"sa":{"a":0,"k":0,"ix":5},"nm":"Transform"}],"nm":"Shape 1","np":3,"cix":2,"bm":0,"ix":1,"mn":"ADBE Vector Group","hd":false}],"ip":0,"op":450,"st":0,"bm":0},{"ddd":0,"ind":13,"ty":4,"nm":"hair","parent":7,"sr":1,"ks":{"o":{"a":0,"k":100,"ix":11},"r":{"a":0,"k":0,"ix":10},"p":{"a":1,"k":[{"i":{"x":0.48,"y":1},"o":{"x":0.52,"y":0},"t":75,"s":[-8.786,-77.125,0],"to":[-0.367,0,0],"ti":[0.367,0,0]},{"i":{"x":0.48,"y":0.48},"o":{"x":0.52,"y":0.52},"t":95,"s":[-10.986,-77.125,0],"to":[0,0,0],"ti":[0,0,0]},{"i":{"x":0.48,"y":1},"o":{"x":0.52,"y":0},"t":130,"s":[-10.986,-77.125,0],"to":[1.237,-0.001,0],"ti":[-1.237,0.001,0]},{"i":{"x":0.48,"y":0.48},"o":{"x":0.52,"y":0.52},"t":150,"s":[-3.564,-77.133,0],"to":[0,0,0],"ti":[0,0,0]},{"i":{"x":0.833,"y":1},"o":{"x":0.167,"y":0},"t":190,"s":[-3.564,-77.133,0],"to":[-0.87,0.001,0],"ti":[0.87,-0.001,0]},{"t":205,"s":[-8.786,-77.125,0]}],"ix":2},"a":{"a":0,"k":[-8.786,-77.125,0],"ix":1},"s":{"a":0,"k":[100,100,100],"ix":6}},"ao":0,"shapes":[{"ty":"gr","it":[{"ind":0,"ty":"sh","ix":1,"ks":{"a":0,"k":{"i":[[38.75,0],[-3.25,-37.75],[-25.977,0],[-1.369,16.945]],"o":[[-38.75,0],[1.823,21.172],[31.331,0],[3.527,-43.64]],"v":[[-6.75,-128.625],[-55.25,-73.875],[-6.75,-25.625],[36.5,-66.991]],"c":true},"ix":2},"nm":"Path 1","mn":"ADBE Vector Shape - Group","hd":false},{"ty":"st","c":{"a":0,"k":[0.321568986481,0.318201012705,0.035309002446,1],"ix":3},"o":{"a":0,"k":100,"ix":4},"w":{"a":0,"k":0,"ix":5},"lc":1,"lj":1,"ml":4,"bm":0,"nm":"Stroke 1","mn":"ADBE Vector Graphic - Stroke","hd":false},{"ty":"fl","c":{"a":0,"k":[0.196078431373,0.176470588235,0.270588235294,1],"ix":4},"o":{"a":0,"k":100,"ix":5},"r":1,"bm":0,"nm":"Fill 1","mn":"ADBE Vector Graphic - Fill","hd":false},{"ty":"tr","p":{"a":0,"k":[0,0],"ix":2},"a":{"a":0,"k":[0,0],"ix":1},"s":{"a":0,"k":[100,100],"ix":3},"r":{"a":0,"k":0,"ix":6},"o":{"a":0,"k":100,"ix":7},"sk":{"a":0,"k":0,"ix":4},"sa":{"a":0,"k":0,"ix":5},"nm":"Transform"}],"nm":"Shape 1","np":3,"cix":2,"bm":0,"ix":1,"mn":"ADBE Vector Group","hd":false}],"ip":0,"op":450,"st":0,"bm":0},{"ddd":0,"ind":14,"ty":4,"nm":"Shape Layer 5","parent":10,"sr":1,"ks":{"o":{"a":0,"k":100,"ix":11},"r":{"a":0,"k":0,"ix":10},"p":{"a":0,"k":[-7.182,-13.625,0],"ix":2},"a":{"a":0,"k":[0,0,0],"ix":1},"s":{"a":0,"k":[100,100,100],"ix":6}},"ao":0,"shapes":[{"ty":"gr","it":[{"ind":0,"ty":"sh","ix":1,"ks":{"a":0,"k":{"i":[[0,0],[-9.095,-12.157],[-18.999,9.859],[0,0]],"o":[[0,0],[7.751,10.36],[9.634,-4.999],[0,0]],"v":[[-35.5,117],[-35,157.25],[33.25,160],[37,117.5]],"c":false},"ix":2},"nm":"Path 1","mn":"ADBE Vector Shape - Group","hd":false},{"ty":"st","c":{"a":0,"k":[0.96862745098,0.647058823529,0.494117647059,1],"ix":3},"o":{"a":0,"k":100,"ix":4},"w":{"a":0,"k":0,"ix":5},"lc":1,"lj":1,"ml":4,"bm":0,"nm":"Stroke 1","mn":"ADBE Vector Graphic - Stroke","hd":false},{"ty":"fl","c":{"a":0,"k":[0.101960784314,0.101960784314,0.101960784314,1],"ix":4},"o":{"a":0,"k":100,"ix":5},"r":1,"bm":0,"nm":"Fill 1","mn":"ADBE Vector Graphic - Fill","hd":false},{"ty":"tr","p":{"a":0,"k":[0,0],"ix":2},"a":{"a":0,"k":[0,0],"ix":1},"s":{"a":0,"k":[100,100],"ix":3},"r":{"a":0,"k":0,"ix":6},"o":{"a":0,"k":100,"ix":7},"sk":{"a":0,"k":0,"ix":4},"sa":{"a":0,"k":0,"ix":5},"nm":"Transform"}],"nm":"Shape 1","np":3,"cix":2,"bm":0,"ix":1,"mn":"ADBE Vector Group","hd":false}],"ip":0,"op":450,"st":0,"bm":0},{"ddd":0,"ind":15,"ty":4,"nm":"Shape Layer 4","sr":1,"ks":{"o":{"a":0,"k":100,"ix":11},"r":{"a":0,"k":0,"ix":10},"p":{"a":0,"k":[200,200,0],"ix":2},"a":{"a":0,"k":[0,0,0],"ix":1},"s":{"a":0,"k":[100,100,100],"ix":6}},"ao":0,"shapes":[{"ty":"gr","it":[{"d":1,"ty":"el","s":{"a":1,"k":[{"i":{"x":[0.5,0.5],"y":[1,1]},"o":{"x":[0.167,0.167],"y":[0.167,0.167]},"t":5,"s":[0,0]},{"i":{"x":[0.5,0.5],"y":[1,1]},"o":{"x":[0.167,0.167],"y":[0.167,0.167]},"t":20,"s":[240,240]},{"i":{"x":[0.43,0.43],"y":[1,1]},"o":{"x":[0.167,0.167],"y":[0,0]},"t":35,"s":[220,220]},{"i":{"x":[0.43,0.43],"y":[1,1]},"o":{"x":[0.57,0.57],"y":[0,0]},"t":310,"s":[220,220]},{"t":320,"s":[0,0]}],"ix":2},"p":{"a":0,"k":[0,0],"ix":3},"nm":"Ellipse Path 1","mn":"ADBE Vector Shape - Ellipse","hd":false},{"ty":"st","c":{"a":0,"k":[0.274509803922,0.258823529412,0.36862745098,1],"ix":3},"o":{"a":0,"k":100,"ix":4},"w":{"a":0,"k":0,"ix":5},"lc":1,"lj":1,"ml":4,"bm":0,"nm":"Stroke 1","mn":"ADBE Vector Graphic - Stroke","hd":false},{"ty":"fl","c":{"a":0,"k":[0.8705882352941177,0.8705882352941177,0.8705882352941177,1],"ix":4},"o":{"a":0,"k":100,"ix":5},"r":1,"bm":0,"nm":"Fill 1","mn":"ADBE Vector Graphic - Fill","hd":false},{"ty":"tr","p":{"a":0,"k":[0.125,0],"ix":2},"a":{"a":0,"k":[0,0],"ix":1},"s":{"a":0,"k":[100,100],"ix":3},"r":{"a":0,"k":0,"ix":6},"o":{"a":0,"k":100,"ix":7},"sk":{"a":0,"k":0,"ix":4},"sa":{"a":0,"k":0,"ix":5},"nm":"Transform"}],"nm":"Ellipse 1","np":3,"cix":2,"bm":0,"ix":1,"mn":"ADBE Vector Group","hd":false}],"ip":5,"op":526,"st":5,"bm":0}]}],"layers":[{"ddd":0,"ind":1,"ty":4,"nm":"Shape Layer 1","td":1,"sr":1,"ks":{"o":{"a":0,"k":100,"ix":11},"r":{"a":0,"k":0,"ix":10},"p":{"a":0,"k":[200,200,0],"ix":2},"a":{"a":0,"k":[0,0,0],"ix":1},"s":{"a":0,"k":[100,100,100],"ix":6}},"ao":0,"shapes":[{"ty":"gr","it":[{"d":1,"ty":"el","s":{"a":1,"k":[{"i":{"x":[0.5,0.5],"y":[1,1]},"o":{"x":[0.167,0.167],"y":[0.167,0.167]},"t":5,"s":[0,0]},{"i":{"x":[0.5,0.5],"y":[1,1]},"o":{"x":[0.167,0.167],"y":[0.167,0.167]},"t":20,"s":[240,240]},{"i":{"x":[0.43,0.43],"y":[1,1]},"o":{"x":[0.167,0.167],"y":[0,0]},"t":35,"s":[220,220]},{"i":{"x":[0.43,0.43],"y":[1,1]},"o":{"x":[0.57,0.57],"y":[0,0]},"t":310,"s":[220,220]},{"t":320,"s":[0,0]}],"ix":2},"p":{"a":0,"k":[0,0],"ix":3},"nm":"Ellipse Path 1","mn":"ADBE Vector Shape - Ellipse","hd":false},{"d":1,"ty":"el","s":{"a":1,"k":[{"i":{"x":[0.5,0.5],"y":[1,1]},"o":{"x":[0.167,0.167],"y":[0.167,0.167]},"t":5,"s":[0,0]},{"i":{"x":[0.5,0.5],"y":[1,1]},"o":{"x":[0.167,0.167],"y":[0.167,0.167]},"t":20,"s":[240,240]},{"i":{"x":[0.43,0.43],"y":[1,1]},"o":{"x":[0.167,0.167],"y":[0,0]},"t":35,"s":[220,220]},{"i":{"x":[0.43,0.43],"y":[1,1]},"o":{"x":[0.57,0.57],"y":[0,0]},"t":310,"s":[220,220]},{"t":320,"s":[0,0]}],"ix":2},"p":{"a":0,"k":[0,-111],"ix":3},"nm":"Ellipse Path 2","mn":"ADBE Vector Shape - Ellipse","hd":false},{"ty":"st","c":{"a":0,"k":[0.274509803922,0.258823529412,0.36862745098,1],"ix":3},"o":{"a":0,"k":100,"ix":4},"w":{"a":0,"k":0,"ix":5},"lc":1,"lj":1,"ml":4,"bm":0,"nm":"Stroke 1","mn":"ADBE Vector Graphic - Stroke","hd":false},{"ty":"fl","c":{"a":0,"k":[0,0,0,1],"ix":4},"o":{"a":0,"k":100,"ix":5},"r":1,"bm":0,"nm":"Fill 1","mn":"ADBE Vector Graphic - Fill","hd":false},{"ty":"tr","p":{"a":0,"k":[0.125,0],"ix":2},"a":{"a":0,"k":[0,0],"ix":1},"s":{"a":0,"k":[100,100],"ix":3},"r":{"a":0,"k":0,"ix":6},"o":{"a":0,"k":100,"ix":7},"sk":{"a":0,"k":0,"ix":4},"sa":{"a":0,"k":0,"ix":5},"nm":"Transform"}],"nm":"Ellipse 1","np":4,"cix":2,"bm":0,"ix":1,"mn":"ADBE Vector Group","hd":false}],"ip":5,"op":526,"st":5,"bm":0},{"ddd":0,"ind":2,"ty":0,"nm":"Comp 1","tt":1,"refId":"comp_0","sr":1,"ks":{"o":{"a":0,"k":100,"ix":11},"r":{"a":0,"k":0,"ix":10},"p":{"a":0,"k":[200,200,0],"ix":2},"a":{"a":0,"k":[200,200,0],"ix":1},"s":{"a":0,"k":[100,100,100],"ix":6}},"ao":0,"w":400,"h":400,"ip":0,"op":450,"st":0,"bm":0},{"ddd":0,"ind":3,"ty":4,"nm":"Shape Layer 7","sr":1,"ks":{"o":{"a":0,"k":100,"ix":11},"r":{"a":0,"k":0,"ix":10},"p":{"a":0,"k":[200,200,0],"ix":2},"a":{"a":0,"k":[0,0,0],"ix":1},"s":{"a":0,"k":[105,105,100],"ix":6}},"ao":0,"shapes":[{"ty":"gr","it":[{"d":1,"ty":"el","s":{"a":0,"k":[250,250],"ix":2},"p":{"a":0,"k":[0,0],"ix":3},"nm":"Ellipse Path 1","mn":"ADBE Vector Shape - Ellipse","hd":false},{"ty":"tm","s":{"a":1,"k":[{"i":{"x":[0.5],"y":[1]},"o":{"x":[0.5],"y":[0]},"t":21.667,"s":[0]},{"t":45,"s":[50]}],"ix":1},"e":{"a":1,"k":[{"i":{"x":[0.5],"y":[1]},"o":{"x":[0.5],"y":[0]},"t":10,"s":[0]},{"t":35,"s":[50]}],"ix":2},"o":{"a":1,"k":[{"i":{"x":[0.5],"y":[1]},"o":{"x":[0.5],"y":[0]},"t":10,"s":[0]},{"t":45,"s":[150]}],"ix":3},"m":1,"ix":2,"nm":"Trim Paths 1","mn":"ADBE Vector Filter - Trim","hd":false},{"ty":"st","c":{"a":0,"k":[0.8705882352941177,0.8705882352941177,0.8705882352941177,1],"ix":3},"o":{"a":0,"k":100,"ix":4},"w":{"a":0,"k":7,"ix":5},"lc":2,"lj":1,"ml":4,"bm":0,"nm":"Stroke 1","mn":"ADBE Vector Graphic - Stroke","hd":false},{"ty":"tr","p":{"a":0,"k":[0.125,0],"ix":2},"a":{"a":0,"k":[0,0],"ix":1},"s":{"a":0,"k":[100,100],"ix":3},"r":{"a":0,"k":0,"ix":6},"o":{"a":0,"k":100,"ix":7},"sk":{"a":0,"k":0,"ix":4},"sa":{"a":0,"k":0,"ix":5},"nm":"Transform"}],"nm":"Ellipse 1","np":3,"cix":2,"bm":0,"ix":1,"mn":"ADBE Vector Group","hd":false}],"ip":10,"op":536,"st":15,"bm":0},{"ddd":0,"ind":4,"ty":4,"nm":"Shape Layer 2","sr":1,"ks":{"o":{"a":0,"k":100,"ix":11},"r":{"a":0,"k":0,"ix":10},"p":{"a":0,"k":[200,200,0],"ix":2},"a":{"a":0,"k":[0,0,0],"ix":1},"s":{"a":0,"k":[102,102,100],"ix":6}},"ao":0,"shapes":[{"ty":"gr","it":[{"d":3,"ty":"el","s":{"a":0,"k":[230,230],"ix":2},"p":{"a":0,"k":[0,0],"ix":3},"nm":"Ellipse Path 1","mn":"ADBE Vector Shape - Ellipse","hd":false},{"ty":"tm","s":{"a":1,"k":[{"i":{"x":[0.5],"y":[1]},"o":{"x":[0.5],"y":[0]},"t":20,"s":[0]},{"t":60,"s":[50]}],"ix":1},"e":{"a":1,"k":[{"i":{"x":[0.5],"y":[1]},"o":{"x":[0.5],"y":[0]},"t":15,"s":[0]},{"t":50,"s":[50]}],"ix":2},"o":{"a":1,"k":[{"i":{"x":[0.5],"y":[1]},"o":{"x":[0.5],"y":[0]},"t":15,"s":[0]},{"t":60,"s":[150]}],"ix":3},"m":1,"ix":2,"nm":"Trim Paths 1","mn":"ADBE Vector Filter - Trim","hd":false},{"ty":"st","c":{"a":0,"k":[0.8705882352941177,0.8705882352941177,0.8705882352941177,1],"ix":3},"o":{"a":0,"k":100,"ix":4},"w":{"a":0,"k":4,"ix":5},"lc":2,"lj":1,"ml":4,"bm":0,"nm":"Stroke 1","mn":"ADBE Vector Graphic - Stroke","hd":false},{"ty":"tr","p":{"a":0,"k":[0.125,0],"ix":2},"a":{"a":0,"k":[0,0],"ix":1},"s":{"a":0,"k":[100,100],"ix":3},"r":{"a":0,"k":0,"ix":6},"o":{"a":0,"k":100,"ix":7},"sk":{"a":0,"k":0,"ix":4},"sa":{"a":0,"k":0,"ix":5},"nm":"Transform"}],"nm":"Ellipse 1","np":3,"cix":2,"bm":0,"ix":1,"mn":"ADBE Vector Group","hd":false}],"ip":15,"op":541,"st":20,"bm":0}],"markers":[]}